"Id","Position","First Name","Nickname","Last Name","FPPG","Played","Salary","Game","Team","Opponent","Injury Indicator","Injury Details","",""
"21736-54879","QB","Deshaun","Deshaun Watson","Watson","25.265714372907365","7","9600","IND@HOU","HOU","IND","O","Knee","",""
"21736-16606","WR","DeAndre","DeAndre Hopkins","Hopkins","17.87142835344587","7","9100","IND@HOU","HOU","IND","","","",""
"21736-30447","RB","Todd","Todd Gurley II","Gurley II","21.357142857142858","7","9100","LAR@NYG","LAR","NYG","","","",""
"21736-45229","RB","Kareem","Kareem Hunt","Hunt","19.375","8","9000","KC@DAL","KC","DAL","","","",""
"21736-38791","RB","Ezekiel","Ezekiel Elliott","Elliott","20.785714285714285","7","8900","KC@DAL","DAL","KC","O","Suspension","",""
"21736-52922","RB","Leonard","Leonard Fournette","Fournette","20.4499994913737","6","8600","CIN@JAC","JAC","CIN","","","",""
"21736-22015","QB","Russell","Russell Wilson","Wilson","23.102857317243302","7","8500","WAS@SEA","SEA","WAS","","","",""
"21736-32384","WR","Mike","Mike Evans","Evans","13.62857164655413","7","8500","TB@NO","TB","NO","","","",""
"21736-6504","QB","Drew","Drew Brees","Brees","17.734285627092635","7","8300","TB@NO","NO","TB","","","",""
"21736-14187","WR","A.J.","A.J. Green","Green","14.028570992606026","7","8200","CIN@JAC","CIN","JAC","","","",""
"21736-31716","QB","Dak","Dak Prescott","Prescott","21.365713936941965","7","8200","KC@DAL","DAL","KC","","","",""
"21736-70324","QB","Carson","Carson Wentz","Wentz","21.727500915527344","8","8000","DEN@PHI","PHI","DEN","","","",""
"21736-14626","WR","Doug","Doug Baldwin","Baldwin","11.099999564034599","7","7900","WAS@SEA","SEA","WAS","","","",""
"21736-8005","QB","Alex","Alex Smith","Smith","21.329999923706055","8","7900","KC@DAL","KC","DAL","","","",""
"21736-14190","WR","Julio","Julio Jones","Jones","11.214285714285714","7","7900","ATL@CAR","ATL","CAR","","","",""
"21736-14211","RB","Mark","Mark Ingram","Ingram","14.057143075125557","7","7900","TB@NO","NO","TB","","","",""
"21736-42028","WR","Will","Will Fuller V","Fuller V","19.325000762939453","4","7800","IND@HOU","HOU","IND","","","",""
"21736-29358","QB","Marcus","Marcus Mariota","Mariota","15.740000406901041","6","7800","BAL@TEN","TEN","BAL","","","",""
"21736-45859","QB","Derek","Derek Carr","Carr","15.765714372907366","7","7800","OAK@MIA","OAK","MIA","","","",""
"21736-11435","WR","Dez","Dez Bryant","Bryant","10.942856924874443","7","7700","KC@DAL","DAL","KC","","","",""
"21736-24849","QB","Jameis","Jameis Winston","Winston","15.488571166992188","7","7700","TB@NO","TB","NO","Q","Shoulder - ac joint","",""
"21736-53681","WR","Tyreek","Tyreek Hill","Hill","12.4375","8","7700","KC@DAL","KC","DAL","","","",""
"21736-29780","TE","Zach","Zach Ertz","Ertz","13.537500381469727","8","7600","DEN@PHI","PHI","DEN","Q","Hamstring","",""
"21736-6616","QB","Matt","Matt Ryan","Ryan","15.10857173374721","7","7600","ATL@CAR","ATL","CAR","","","",""
"21736-38435","QB","Jared","Jared Goff","Goff","15.60857173374721","7","7600","LAR@NYG","LAR","NYG","","","",""
"21736-14185","QB","Cam","Cam Newton","Newton","18.017499923706055","8","7600","ATL@CAR","CAR","ATL","Q","Shoulder","",""
"21736-28573","WR","Michael","Michael Thomas","Thomas","11.571428571428571","7","7600","TB@NO","NO","TB","","","",""
"21736-22037","RB","Lamar","Lamar Miller","Miller","13.571428571428571","7","7500","IND@HOU","HOU","IND","Q","Knee","",""
"21736-22038","QB","Kirk","Kirk Cousins","Cousins","19.442858014787948","7","7500","WAS@SEA","WAS","SEA","","","",""
"21736-21939","QB","Andrew","Andrew Luck","Luck","21.380000813802084","15","7400","IND@HOU","IND","HOU","IR","Shoulder - labrum","",""
"21736-14225","QB","Andy","Andy Dalton","Dalton","14.502856663295201","7","7300","CIN@JAC","CIN","JAC","","","",""
"21736-34308","QB","Blake","Blake Bortles","Bortles","13.802857535226005","7","7200","CIN@JAC","JAC","CIN","","","",""
"21736-9392","WR","Michael","Michael Crabtree","Crabtree","13.37142835344587","7","7100","OAK@MIA","OAK","MIA","","","",""
"21736-24920","RB","Devonta","Devonta Freeman","Freeman","13.714285714285714","7","7100","ATL@CAR","ATL","CAR","Q","Shoulder","",""
"21736-33076","TE","Travis","Travis Kelce","Kelce","12.787500381469727","8","7000","KC@DAL","KC","DAL","","","",""
"21736-6748","QB","Carson","Carson Palmer","Palmer","15.617142813546318","7","7000","ARI@SF","ARI","SF","IR","Arm","",""
"21736-31394","WR","Jarvis","Jarvis Landry","Landry","11.728571210588727","7","7000","OAK@MIA","MIA","OAK","","","",""
"21736-6883","WR","Larry","Larry Fitzgerald","Fitzgerald","12.557143075125557","7","7000","ARI@SF","ARI","SF","","","",""
"21736-31001","WR","Amari","Amari Cooper","Cooper","9.475000381469727","8","6900","OAK@MIA","OAK","MIA","","","",""
"21736-6703","RB","Adrian","Adrian Peterson","Peterson","6.450000127156575","6","6800","ARI@SF","ARI","SF","","","",""
"21736-6714","QB","Joe","Joe Flacco","Flacco","8.774999618530273","8","6800","BAL@TEN","BAL","TEN","","","",""
"21736-46882","RB","Jay","Jay Ajayi","Ajayi","8.314285823277064","7","6800","DEN@PHI","PHI","DEN","","","",""
"21736-11432","WR","Demaryius","Demaryius Thomas","Thomas","8.714285714285714","7","6700","DEN@PHI","DEN","PHI","","","",""
"21736-24891","RB","Chris","Chris Thompson","Thompson","15.542857578822545","7","6700","WAS@SEA","WAS","SEA","","","",""
"21736-21970","RB","Doug","Doug Martin","Martin","11.649999618530273","4","6700","TB@NO","TB","NO","","","",""
"21736-21980","WR","Alshon","Alshon Jeffery","Jeffery","9.699999809265137","8","6700","DEN@PHI","PHI","DEN","","","",""
"21736-6898","QB","Jay","Jay Cutler","Cutler","10.800000508626303","6","6700","OAK@MIA","MIA","OAK","","","",""
"21736-42104","RB","Alvin","Alvin Kamara","Kamara","11.928571428571429","7","6600","TB@NO","NO","TB","","","",""
"21736-22031","WR","T.Y.","T.Y. Hilton","Hilton","8.899999618530273","8","6600","IND@HOU","IND","HOU","","","",""
"21736-6774","WR","Pierre","Pierre Garcon","Garcon","8.75","8","6600","ARI@SF","SF","ARI","O","Neck","",""
"21736-11505","WR","Emmanuel","Emmanuel Sanders","Sanders","10.219999694824219","5","6500","DEN@PHI","DEN","PHI","Q","Ankle","",""
"21736-30231","QB","Jacoby","Jacoby Brissett","Brissett","13.897500038146973","8","6500","IND@HOU","IND","HOU","","","",""
"21736-29249","RB","C.J.","C.J. Anderson","Anderson","10.571428571428571","7","6500","DEN@PHI","DEN","PHI","","","",""
"21736-6826","QB","Eli","Eli Manning","Manning","14.728571210588727","7","6500","LAR@NYG","NYG","LAR","","","",""
"21736-28434","QB","Trevor","Trevor Siemian","Siemian","14.808571951729911","7","6500","DEN@PHI","DEN","PHI","","","",""
"21736-28473","RB","Carlos","Carlos Hyde","Hyde","12.899999618530273","8","6500","ARI@SF","SF","ARI","","","",""
"21736-7744","QB","Drew","Drew Stanton","Stanton","2.0399999618530273","1","6400","ARI@SF","ARI","SF","","","",""
"21736-6808","QB","Matt","Matt Moore","Moore","9.779999732971191","2","6400","OAK@MIA","MIA","OAK","Q","Back","",""
"21736-14254","RB","DeMarco","DeMarco Murray","Murray","9.428571428571429","7","6400","BAL@TEN","TEN","BAL","","","",""
"21736-14267","QB","Ryan","Ryan Mallett","Mallett","4.96999979019165","2","6400","BAL@TEN","BAL","TEN","","","",""
"21736-7283","WR","Jeremy","Jeremy Maclin","Maclin","8.116666793823242","6","6300","BAL@TEN","BAL","TEN","Q","Shoulder","",""
"21736-52442","RB","Joe","Joe Mixon","Mixon","8.10000010899135","7","6300","CIN@JAC","CIN","JAC","","","",""
"21736-41872","TE","Evan","Evan Engram","Engram","9.599999564034599","7","6300","LAR@NYG","NYG","LAR","","","",""
"21736-29683","WR","Nelson","Nelson Agholor","Agholor","10.337499618530273","8","6300","DEN@PHI","PHI","DEN","","","",""
"21736-11512","TE","Jimmy","Jimmy Graham","Graham","9.271428789411273","7","6200","WAS@SEA","SEA","WAS","","","",""
"21736-27986","QB","C.J.","C.J. Beathard","Beathard","13.759999593098959","3","6200","ARI@SF","SF","ARI","","","",""
"21736-6739","WR","DeSean","DeSean Jackson","Jackson","9.17142813546317","7","6200","TB@NO","TB","NO","","","",""
"21736-28080","WR","Devin","Devin Funchess","Funchess","8.774999618530273","8","6100","ATL@CAR","CAR","ATL","","","",""
"21736-33260","WR","DeVante","DeVante Parker","Parker","9.774999618530273","4","6100","OAK@MIA","MIA","OAK","","","",""
"21736-54782","TE","Cameron","Cameron Brate","Brate","11.428571428571429","7","6100","TB@NO","TB","NO","","","",""
"21736-55050","RB","Christian","Christian McCaffrey","McCaffrey","10.5","8","6100","ATL@CAR","CAR","ATL","","","",""
"21736-24607","QB","Chad","Chad Kelly","Kelly","0","0","6000","DEN@PHI","DEN","PHI","O","Wrist","",""
"21736-62497","RB","David","David Johnson","Johnson","10","1","6000","ARI@SF","ARI","SF","IR","Wrist","",""
"21736-24641","WR","Sammy","Sammy Watkins","Watkins","6.771428789411273","7","6000","LAR@NYG","LAR","NYG","","","",""
"21736-30788","QB","Tyler","Tyler Bray","Bray","0","0","6000","KC@DAL","KC","DAL","","","",""
"21736-57439","QB","Patrick","Patrick Mahomes II","Mahomes II","0","0","6000","KC@DAL","KC","DAL","","","",""
"21736-79970","WR","Cooper","Cooper Kupp","Kupp","8.728571210588727","7","6000","LAR@NYG","LAR","NYG","","","",""
"21736-6373","QB","Derek","Derek Anderson","Anderson","0.6800000071525574","1","6000","ATL@CAR","CAR","ATL","","","",""
"21736-11500","QB","Colt","Colt McCoy","McCoy","0","0","6000","WAS@SEA","WAS","SEA","","","",""
"21736-22848","QB","Austin","Austin Davis","Davis","-0.10000000149011612","1","6000","WAS@SEA","SEA","WAS","","","",""
"21736-31047","QB","AJ","AJ McCarron","McCarron","0","0","6000","CIN@JAC","CIN","JAC","","","",""
"21736-14696","QB","Scott","Scott Tolzien","Tolzien","3.319999933242798","1","6000","IND@HOU","IND","HOU","","","",""
"21736-22894","QB","Kellen","Kellen Moore","Moore","0","0","6000","KC@DAL","DAL","KC","","","",""
"21736-25969","QB","Tom","Tom Savage","Savage","-0.7599999904632568","2","6000","IND@HOU","HOU","IND","","","",""
"21736-24949","QB","EJ","EJ Manuel","Manuel","7.550000190734863","2","6000","OAK@MIA","OAK","MIA","","","",""
"21736-32158","QB","Garrett","Garrett Gilbert","Gilbert","0","0","6000","ATL@CAR","CAR","ATL","","","",""
"21736-31170","QB","Brandon","Brandon Allen","Allen","0","0","6000","LAR@NYG","LAR","NYG","","","",""
"21736-21959","QB","Brandon","Brandon Weeden","Weeden","0","0","6000","BAL@TEN","TEN","BAL","","","",""
"21736-21994","QB","Brock","Brock Osweiler","Osweiler","0.6200000047683716","1","6000","DEN@PHI","DEN","PHI","","","",""
"21736-7659","QB","Ryan","Ryan Fitzpatrick","Fitzpatrick","11.300000190734863","2","6000","TB@NO","TB","NO","","","",""
"21736-45565","QB","Taysom","Taysom Hill","Hill","0","0","6000","TB@NO","NO","TB","","","",""
"21736-28163","QB","Connor","Connor Cook","Cook","7","1","6000","OAK@MIA","OAK","MIA","","","",""
"21736-22027","QB","Nick","Nick Foles","Foles","-0.20000000298023224","1","6000","DEN@PHI","PHI","DEN","","","",""
"21736-6679","QB","Matt","Matt Schaub","Schaub","0.14666666587193808","3","6000","ATL@CAR","ATL","CAR","","","",""
"21736-39454","QB","Zac","Zac Dysert","Dysert","0","0","6000","KC@DAL","DAL","KC","IR","Back","",""
"21736-23075","QB","Alex","Alex Tanney","Tanney","0","0","6000","BAL@TEN","TEN","BAL","IR","Foot","",""
"21736-30253","QB","Jeff","Jeff Driskel","Driskel","0","0","6000","CIN@JAC","CIN","JAC","IR","Thumb","",""
"21736-7778","QB","Matt","Matt Cassel","Cassel","2.240000009536743","2","6000","BAL@TEN","TEN","BAL","","","",""
"21736-8803","QB","Chase","Chase Daniel","Daniel","0.6399999856948853","1","6000","TB@NO","NO","TB","","","",""
"21736-7844","QB","Chad","Chad Henne","Henne","-0.30000001192092896","1","6000","CIN@JAC","JAC","CIN","","","",""
"21736-44715","QB","Cooper","Cooper Rush","Rush","1.3799999952316284","1","6000","KC@DAL","DAL","KC","","","",""
"21736-33463","QB","Paxton","Paxton Lynch","Lynch","9.793333053588867","3","6000","DEN@PHI","DEN","PHI","","","",""
"21736-6914","TE","Greg","Greg Olsen","Olsen","2.1500000953674316","2","6000","ATL@CAR","CAR","ATL","IR","Foot","",""
"21736-29445","QB","Sean","Sean Mannion","Mannion","-0.1599999964237213","2","6000","LAR@NYG","LAR","NYG","","","",""
"21736-14194","QB","Blaine","Blaine Gabbert","Gabbert","13.199999491373697","6","6000","ARI@SF","ARI","SF","","","",""
"21736-26483","QB","Geno","Geno Smith","Smith","4.46999979019165","2","6000","LAR@NYG","NYG","LAR","","","",""
"21736-39795","QB","Davis","Davis Webb","Webb","0","0","6000","LAR@NYG","NYG","LAR","","","",""
"21736-33702","QB","Ryan","Ryan Griffin","Griffin","0","0","6000","TB@NO","TB","NO","IR","Shoulder","",""
"21736-6641","TE","Jason","Jason Witten","Witten","9.200000217982701","7","5900","KC@DAL","DAL","KC","","","",""
"21736-11779","RB","LeGarrette","LeGarrette Blount","Blount","8.899999618530273","8","5900","DEN@PHI","PHI","DEN","","","",""
"21736-27477","WR","Sterling","Sterling Shepard","Shepard","8.919999694824218","5","5900","LAR@NYG","NYG","LAR","","","",""
"21736-40843","RB","Alex","Alex Collins","Collins","6.828571319580078","7","5900","BAL@TEN","BAL","TEN","","","",""
"21736-22018","WR","Mohamed","Mohamed Sanu","Sanu","9.433333079020182","6","5800","ATL@CAR","ATL","CAR","","","",""
"21736-33766","RB","Rob","Rob Kelley","Kelley","5","5","5800","WAS@SEA","WAS","SEA","Q","Ankle","",""
"21736-26610","WR","Paul","Paul Richardson","Richardson","11.200000217982701","7","5800","WAS@SEA","SEA","WAS","","","",""
"21736-27776","RB","Tevin","Tevin Coleman","Coleman","9.785714285714286","7","5700","ATL@CAR","ATL","CAR","","","",""
"21736-54606","WR","John","John Brown","Brown","7.380000305175781","5","5700","ARI@SF","ARI","SF","","","",""
"21736-6627","WR","Ted","Ted Ginn Jr.","Ginn Jr.","9.900000435965401","7","5700","TB@NO","NO","TB","","","",""
"21736-57909","RB","Marlon","Marlon Mack","Mack","8.716666539510092","6","5700","IND@HOU","IND","HOU","","","",""
"21736-30298","TE","Jordan","Jordan Reed","Reed","7.766666412353516","6","5700","WAS@SEA","WAS","SEA","Q","Hamstring","",""
"21736-29593","WR","Marqise","Marqise Lee","Lee","7.142857142857143","7","5700","CIN@JAC","JAC","CIN","Q","Knee","",""
"21736-39859","TE","Jack","Jack Doyle","Doyle","9.542857578822545","7","5700","IND@HOU","IND","HOU","","","",""
"21736-29645","RB","Javorius","Javorius Allen","Allen","9.762499809265137","8","5700","BAL@TEN","BAL","TEN","","","",""
"21736-29685","WR","Robert","Robert Woods","Woods","7.257142748151507","7","5700","LAR@NYG","LAR","NYG","","","",""
"21736-9371","RB","Marshawn","Marshawn Lynch","Lynch","6.342857360839844","7","5600","OAK@MIA","OAK","MIA","","","",""
"21736-24755","WR","Jamison","Jamison Crowder","Crowder","5.685714176722935","7","5600","WAS@SEA","WAS","SEA","Q","Hamstring","",""
"21736-22113","RB","Alfred","Alfred Morris","Morris","2.3799999237060545","5","5600","KC@DAL","DAL","KC","","","",""
"21736-7806","RB","Darren","Darren McFadden","McFadden","3.9666665395100913","3","5600","KC@DAL","DAL","KC","","","",""
"21736-6863","TE","Delanie","Delanie Walker","Walker","7.4571429661342075","7","5600","BAL@TEN","TEN","BAL","Q","Ankle","",""
"21736-25760","WR","Allen","Allen Hurns","Hurns","8.5","7","5500","CIN@JAC","JAC","CIN","","","",""
"21736-45439","WR","Corey","Corey Davis","Davis","5.400000095367432","2","5500","BAL@TEN","TEN","BAL","","","",""
"21736-27050","WR","Tyler","Tyler Lockett","Lockett","7.414285932268415","7","5500","WAS@SEA","SEA","WAS","","","",""
"21736-26038","TE","Tyler","Tyler Kroft","Kroft","8.383333206176758","6","5500","CIN@JAC","CIN","JAC","","","",""
"21736-6607","WR","Mike","Mike Wallace","Wallace","5.600000108991351","7","5500","BAL@TEN","BAL","TEN","Q","Back","",""
"21736-7761","TE","Jared","Jared Cook","Cook","7.099999904632568","8","5500","OAK@MIA","OAK","MIA","","","",""
"21736-22163","WR","Rishard","Rishard Matthews","Matthews","8.357142857142858","7","5500","BAL@TEN","TEN","BAL","","","",""
"21736-27457","WR","Kenny","Kenny Stills","Stills","9.685714721679688","7","5500","OAK@MIA","MIA","OAK","","","",""
"21736-39818","RB","Wayne","Wayne Gallman","Gallman","7.699999809265137","4","5500","LAR@NYG","NYG","LAR","","","",""
"21736-48344","WR","Albert","Albert Wilson","Wilson","6.171428680419922","7","5400","KC@DAL","KC","DAL","Q","Hamstring","",""
"21736-26094","WR","Brandon","Brandon Coleman","Coleman","7","7","5400","TB@NO","NO","TB","","","",""
"21736-38509","RB","Wendell","Wendell Smallwood","Smallwood","5.533333460489909","6","5400","DEN@PHI","PHI","DEN","","","",""
"21736-6870","TE","Vernon","Vernon Davis","Davis","6.242857251848493","7","5400","WAS@SEA","WAS","SEA","","","",""
"21736-32613","RB","DeAndre","DeAndre Washington","Washington","6.071428571428571","7","5400","OAK@MIA","OAK","MIA","","","",""
"21736-33691","RB","Orleans","Orleans Darkwa","Darkwa","6.933333079020183","6","5400","LAR@NYG","NYG","LAR","","","",""
"21736-53303","RB","Matt","Matt Breida","Breida","4.949999809265137","8","5300","ARI@SF","SF","ARI","Q","Knee","",""
"21736-30968","RB","Eddie","Eddie Lacy","Lacy","2.720000076293945","5","5300","WAS@SEA","SEA","WAS","","","",""
"21736-29949","WR","Marvin","Marvin Hall","Hall","10.5","1","5300","ATL@CAR","ATL","CAR","","","",""
"21736-12554","D","Jacksonville","Jacksonville Jaguars","Jaguars","15.428571428571429","7","5300","CIN@JAC","JAC","CIN","","","",""
"21736-53532","WR","Roger","Roger Lewis","Lewis","3.9833332697550454","6","5300","LAR@NYG","NYG","LAR","","","",""
"21736-39286","TE","O.J.","O.J. Howard","Howard","6.657142639160156","7","5300","TB@NO","TB","NO","","","",""
"21736-44449","WR","Willie","Willie Snead","Snead","1.600000023841858","1","5300","TB@NO","NO","TB","","","",""
"21736-28095","RB","Thomas","Thomas Rawls","Rawls","2.125","4","5300","WAS@SEA","SEA","WAS","","","",""
"21736-54753","WR","Taylor","Taylor Gabriel","Gabriel","4.7999997820172995","7","5300","ATL@CAR","ATL","CAR","","","",""
"21736-6733","RB","Jonathan","Jonathan Stewart","Stewart","6.287499904632568","8","5300","ATL@CAR","CAR","ATL","","","",""
"21736-22109","K","Greg","Greg Zuerlein","Zuerlein","13.857142857142858","7","5300","LAR@NYG","LAR","NYG","","","",""
"21736-6840","RB","Frank","Frank Gore","Gore","8.912500381469727","8","5300","IND@HOU","IND","HOU","","","",""
"21736-32564","WR","Josh","Josh Doctson","Doctson","5.833333333333333","6","5300","WAS@SEA","WAS","SEA","","","",""
"21736-15212","WR","Terrelle","Terrelle Pryor Sr.","Pryor Sr.","5.328571319580078","7","5300","WAS@SEA","WAS","SEA","","","",""
"21736-24589","WR","Jaron","Jaron Brown","Brown","6.728571210588727","7","5200","ARI@SF","ARI","SF","","","",""
"21736-52451","RB","Samaje","Samaje Perine","Perine","6.525000095367432","4","5200","WAS@SEA","WAS","SEA","","","",""
"21736-12545","D","Philadelphia","Philadelphia Eagles","Eagles","9.75","8","5200","DEN@PHI","PHI","DEN","","","",""
"21736-12556","D","Houston","Houston Texans","Texans","8","7","5200","IND@HOU","HOU","IND","","","",""
"21736-34073","TE","Ryan","Ryan Griffin","Griffin","5.049999872843425","6","5200","IND@HOU","HOU","IND","Q","Hip","",""
"21736-39280","RB","Derrick","Derrick Henry","Henry","7.228571210588727","7","5200","BAL@TEN","TEN","BAL","","","",""
"21736-11864","RB","Chris","Chris Ivory","Ivory","7.600000108991351","7","5200","CIN@JAC","JAC","CIN","","","",""
"21736-41642","K","Harrison","Harrison Butker","Butker","15.2","5","5200","KC@DAL","KC","DAL","","","",""
"21736-24682","RB","Andre","Andre Ellington","Ellington","7.433333079020183","6","5100","ARI@SF","ARI","SF","Q","Quadriceps","",""
"21736-12534","D","Tennessee","Tennessee Titans","Titans","5.285714285714286","7","5100","BAL@TEN","TEN","BAL","","","",""
"21736-48380","K","Wil","Wil Lutz","Lutz","10.714285714285714","7","5100","TB@NO","NO","TB","","","",""
"21736-6728","RB","Jamaal","Jamaal Charles","Charles","4.971428462437221","7","5100","DEN@PHI","DEN","PHI","","","",""
"21736-33578","RB","Jalen","Jalen Richard","Richard","6.150000095367432","8","5100","OAK@MIA","OAK","MIA","","","",""
"21736-9421","RB","Danny","Danny Woodhead","Woodhead","5.199999809265137","1","5000","BAL@TEN","BAL","TEN","IR","Hamstring","",""
"21736-29932","K","Ka'imi","Ka'imi Fairbairn","Fairbairn","8.428571428571429","7","5000","IND@HOU","HOU","IND","","","",""
"21736-12550","D","Seattle","Seattle Seahawks","Seahawks","10","7","5000","WAS@SEA","SEA","WAS","","","",""
"21736-41235","K","Jake","Jake Elliott","Elliott","12","7","5000","DEN@PHI","PHI","DEN","","","",""
"21736-10647","K","Matt","Matt Bryant","Bryant","9.571428571428571","7","5000","ATL@CAR","ATL","CAR","","","",""
"21736-39445","WR","Brice","Brice Butler","Butler","6.116666793823242","6","5000","KC@DAL","DAL","KC","","","",""
"21736-55830","RB","D'Onta","D'Onta Foreman","Foreman","4.5","6","5000","IND@HOU","HOU","IND","","","",""
"21736-39793","TE","George","George Kittle","Kittle","5.375","8","5000","ARI@SF","SF","ARI","","","",""
"21736-14245","RB","Shane","Shane Vereen","Vereen","4.557142802647182","7","5000","LAR@NYG","NYG","LAR","","","",""
"21736-14288","WR","Torrey","Torrey Smith","Smith","4.212500095367432","8","5000","DEN@PHI","PHI","DEN","","","",""
"21736-24671","WR","Adam","Adam Humphries","Humphries","6.028571537562779","7","4900","TB@NO","TB","NO","Q","Ribs","",""
"21736-11488","TE","Ed","Ed Dickson","Dickson","5.737500190734863","8","4900","ATL@CAR","CAR","ATL","","","",""
"21736-11495","WR","Brandon","Brandon LaFell","LaFell","5.071428571428571","7","4900","CIN@JAC","CIN","JAC","","","",""
"21736-12546","D","Arizona","Arizona Cardinals","Cardinals","4.857142857142857","7","4900","ARI@SF","ARI","SF","","","",""
"21736-34154","WR","J.J.","J.J. Nelson","Nelson","7.728571210588727","7","4900","ARI@SF","ARI","SF","","","",""
"21736-54687","RB","Charcandrick","Charcandrick West","West","5.650000254313151","6","4900","KC@DAL","KC","DAL","","","",""
"21736-23045","K","Justin","Justin Tucker","Tucker","8.875","8","4900","BAL@TEN","BAL","TEN","","","",""
"21736-6767","K","Ryan","Ryan Succop","Succop","12.285714285714286","7","4900","BAL@TEN","TEN","BAL","","","",""
"21736-39580","RB","Devontae","Devontae Booker","Booker","7.150000095367432","4","4900","DEN@PHI","DEN","PHI","","","",""
"21736-30403","WR","Chris","Chris Conley","Conley","4.6","5","4900","KC@DAL","KC","DAL","IR","Achilles","",""
"21736-31561","WR","Donte","Donte Moncrief","Moncrief","5.262499809265137","8","4900","IND@HOU","IND","HOU","","","",""
"21736-14372","WR","Aldrick","Aldrick Robinson","Robinson","3.971428462437221","7","4800","ARI@SF","SF","ARI","","","",""
"21736-12538","D","Los Angeles","Los Angeles Rams","Rams","12.285714285714286","7","4800","LAR@NYG","LAR","NYG","","","",""
"21736-54607","RB","Terrance","Terrance West","West","5.420000076293945","5","4800","BAL@TEN","BAL","TEN","Q","Calf","",""
"21736-31061","RB","T.J.","T.J. Yeldon","Yeldon","20.700000762939453","1","4800","CIN@JAC","JAC","CIN","","","",""
"21736-21971","TE","Coby","Coby Fleener","Fleener","4.857142857142857","7","4800","TB@NO","NO","TB","","","",""
"21736-54741","WR","Seth","Seth Roberts","Roberts","4.100000108991351","7","4800","OAK@MIA","OAK","MIA","","","",""
"21736-32243","WR","Marquise","Marquise Goodwin","Goodwin","5.6875","8","4800","ARI@SF","SF","ARI","","","",""
"21736-10744","K","Graham","Graham Gano","Gano","8.5","8","4800","ATL@CAR","CAR","ATL","","","",""
"21736-41475","WR","John","John Ross","Ross","-0.4000000059604645","2","4800","CIN@JAC","CIN","JAC","","","",""
"21736-31329","WR","Russell","Russell Shepard","Shepard","3.0999999046325684","8","4800","ATL@CAR","CAR","ATL","","","",""
"21736-14952","K","Dan","Dan Bailey","Bailey","7","6","4800","KC@DAL","DAL","KC","O","Groin","",""
"21736-31397","RB","Jeremy","Jeremy Hill","Hill","2.171428544180734","7","4800","CIN@JAC","CIN","JAC","","","",""
"21736-25290","RB","Giovani","Giovani Bernard","Bernard","6.314285823277065","7","4800","CIN@JAC","CIN","JAC","","","",""
"21736-22288","WR","Cole","Cole Beasley","Beasley","5.014285496303013","7","4800","KC@DAL","DAL","KC","Q","Concussion","",""
"21736-26458","WR","Tavon","Tavon Austin","Austin","2.914285659790039","7","4800","LAR@NYG","LAR","NYG","","","",""
"21736-14317","TE","Julius","Julius Thomas","Thomas","3.6142856052943637","7","4800","OAK@MIA","MIA","OAK","","","",""
"21736-30733","WR","Cordarrelle","Cordarrelle Patterson","Patterson","4.787499904632568","8","4700","OAK@MIA","OAK","MIA","","","",""
"21736-31871","RB","Charles","Charles Sims","Sims","3.2000001271565757","6","4700","TB@NO","TB","NO","","","",""
"21736-52410","WR","Josh","Josh Malone","Malone","5.25","2","4700","CIN@JAC","CIN","JAC","","","",""
"21736-40126","TE","Austin","Austin Hooper","Hooper","7.5","7","4700","ATL@CAR","ATL","CAR","","","",""
"21736-11501","WR","Eric","Eric Decker","Decker","4.871428353445871","7","4700","BAL@TEN","TEN","BAL","","","",""
"21736-22765","K","Giorgio","Giorgio Tavecchio","Tavecchio","6.875","8","4700","OAK@MIA","OAK","MIA","","","",""
"21736-12555","D","Baltimore","Baltimore Ravens","Ravens","13","8","4700","BAL@TEN","BAL","TEN","","","",""
"21736-38269","RB","Cameron","Cameron Artis-Payne","Artis-Payne","1.5","1","4700","ATL@CAR","CAR","ATL","","","",""
"21736-52613","WR","Curtis","Curtis Samuel","Samuel","2.199999968210856","6","4700","ATL@CAR","CAR","ATL","","","",""
"21736-6672","TE","Marcedes","Marcedes Lewis","Lewis","5.428571428571429","7","4700","CIN@JAC","JAC","CIN","","","",""
"21736-39455","RB","Kerwynn","Kerwynn Williams","Williams","2.357142857142857","7","4700","ARI@SF","ARI","SF","","","",""
"21736-6702","K","Phil","Phil Dawson","Dawson","6.428571428571429","7","4700","ARI@SF","ARI","SF","","","",""
"21736-22110","K","Blair","Blair Walsh","Walsh","8.142857142857142","7","4700","WAS@SEA","SEA","WAS","","","",""
"21736-26247","K","Brandon","Brandon McManus","McManus","7.333333333333333","6","4700","DEN@PHI","DEN","PHI","","","",""
"21736-32429","K","Josh","Josh Lambo","Lambo","10","1","4700","CIN@JAC","JAC","CIN","","","",""
"21736-7870","TE","Benjamin","Benjamin Watson","Watson","6.1875","8","4700","BAL@TEN","BAL","TEN","","","",""
"21736-33472","RB","C.J.","C.J. Prosise","Prosise","4.566666603088379","3","4700","WAS@SEA","SEA","WAS","Q","Ankle","",""
"21736-52130","K","Patrick","Patrick Murray","Murray","5.333333333333333","3","4700","TB@NO","TB","NO","","","",""
"21736-31836","WR","Terrance","Terrance Williams","Williams","4.585714067731585","7","4600","KC@DAL","DAL","KC","","","",""
"21736-29866","RB","Paul","Paul Perkins","Perkins","3.2750000953674316","4","4600","LAR@NYG","NYG","LAR","","","",""
"21736-12528","D","Cincinnati","Cincinnati Bengals","Bengals","7.857142857142857","7","4600","CIN@JAC","CIN","JAC","","","",""
"21736-12537","D","Oakland","Oakland Raiders","Raiders","3","8","4600","OAK@MIA","OAK","MIA","","","",""
"21736-55633","WR","Travis","Travis Rudolph","Rudolph","2.3499999046325684","2","4600","LAR@NYG","NYG","LAR","","","",""
"21736-22958","RB","Bobby","Bobby Rainey","Rainey","3.2999998728434243","3","4600","BAL@TEN","BAL","TEN","","","",""
"21736-6636","K","Mike","Mike Nugent","Nugent","16","1","4600","KC@DAL","DAL","KC","","","",""
"21736-34295","WR","Breshad","Breshad Perriman","Perriman","0.6571428435189384","7","4600","BAL@TEN","BAL","TEN","","","",""
"21736-14905","WR","Kamar","Kamar Aiken","Aiken","2.512500047683716","8","4600","IND@HOU","IND","HOU","","","",""
"21736-47780","WR","Taywan","Taywan Taylor","Taylor","4.48571423121861","7","4600","BAL@TEN","TEN","BAL","","","",""
"21736-29351","WR","De'Anthony","De'Anthony Thomas","Thomas","3.4857142312186107","7","4600","KC@DAL","KC","DAL","","","",""
"21736-28525","WR","Braxton","Braxton Miller","Miller","2.625","4","4600","IND@HOU","HOU","IND","","","",""
"21736-33703","WR","Ryan","Ryan Grant","Grant","6.285714285714286","7","4600","WAS@SEA","WAS","SEA","","","",""
"21736-30709","WR","Bruce","Bruce Ellington","Ellington","5","6","4600","IND@HOU","HOU","IND","","","",""
"21736-14336","RB","Jacquizz","Jacquizz Rodgers","Rodgers","4.414285659790039","7","4500","TB@NO","TB","NO","","","",""
"21736-14348","TE","Lee","Lee Smith","Smith","2.1666666666666665","3","4500","OAK@MIA","OAK","MIA","","","",""
"21736-23569","TE","Rico","Rico Gathers","Gathers","0","0","4500","KC@DAL","DAL","KC","IR","Concussion","",""
"21736-40977","TE","Ricky","Ricky Seals-Jones","Seals-Jones","0","1","4500","ARI@SF","ARI","SF","","","",""
"21736-53266","WR","BJ","BJ Johnson III","Johnson III","0","0","4500","ARI@SF","SF","ARI","","","",""
"21736-14355","TE","Niles","Niles Paul","Paul","0.949999988079071","4","4500","WAS@SEA","WAS","SEA","Q","Concussion","",""
"21736-14358","WR","Dwayne","Dwayne Harris","Harris","0","4","4500","LAR@NYG","NYG","LAR","IR","Foot","",""
"21736-27672","TE","Matt","Matt LaCosse","LaCosse","0","1","4500","LAR@NYG","NYG","LAR","","","",""
"21736-29725","TE","Levine","Levine Toilolo","Toilolo","2.199999968210856","3","4500","ATL@CAR","ATL","CAR","","","",""
"21736-14369","RB","Jordan","Jordan Todman","Todman","0","1","4500","IND@HOU","HOU","IND","","","",""
"21736-56356","WR","Isaiah","Isaiah Ford","Ford","0","0","4500","OAK@MIA","MIA","OAK","IR","Knee - meniscus","",""
"21736-27692","RB","Josh","Josh Ferguson","Ferguson","0.5","1","4500","IND@HOU","IND","HOU","","","",""
"21736-62508","TE","James","James O'Shaughnessy","O'Shaughnessy","1.0166666507720947","6","4500","CIN@JAC","JAC","CIN","","","",""
"21736-62510","TE","Nick","Nick Boyle","Boyle","3.0999999046325684","8","4500","BAL@TEN","BAL","TEN","Q","Toe","",""
"21736-25654","RB","Tommy","Tommy Bohanon","Bohanon","2.0333333015441895","6","4500","CIN@JAC","JAC","CIN","","","",""
"21736-14394","TE","Virgil","Virgil Green","Green","3.75","6","4500","DEN@PHI","DEN","PHI","","","",""
"21736-28744","RB","Raheem","Raheem Mostert","Mostert","0.25","4","4500","ARI@SF","SF","ARI","","","",""
"21736-7244","RB","John","John Kuhn","Kuhn","0.20000000298023224","1","4500","TB@NO","NO","TB","IR","Biceps","",""
"21736-30807","TE","Mychal","Mychal Rivera","Rivera","3.4200000762939453","10","4500","CIN@JAC","JAC","CIN","IR","Wrist","",""
"21736-79972","WR","Chad","Chad Williams","Williams","1.649999976158142","2","4500","ARI@SF","ARI","SF","Q","Back","",""
"21736-29805","TE","Ryan","Ryan Hewitt","Hewitt","2.0999999046325684","1","4500","CIN@JAC","CIN","JAC","","","",""
"21736-79980","TE","Eric","Eric Saubert","Saubert","0","0","4500","ATL@CAR","ATL","CAR","","","",""
"21736-79983","RB","De'Angelo","De'Angelo Henderson","Henderson","0.10000000149011612","1","4500","DEN@PHI","DEN","PHI","","","",""
"21736-79982","RB","Alex","Alex Armah","Armah","0","0","4500","ATL@CAR","CAR","ATL","","","",""
"21736-27771","WR","Cody","Cody Latimer","Latimer","1.4249999523162842","4","4500","DEN@PHI","DEN","PHI","","","",""
"21736-79998","WR","Keelan","Keelan Cole","Cole","2.1571429116385326","7","4500","CIN@JAC","JAC","CIN","","","",""
"21736-80011","TE","Antony","Antony Auclair","Auclair","0","0","4500","TB@NO","TB","NO","","","",""
"21736-28815","RB","Akeem","Akeem Hunt","Hunt","0.12857142516544887","7","4500","KC@DAL","KC","DAL","","","",""
"21736-11419","RB","C.J.","C.J. Spiller","Spiller","0","1","4500","KC@DAL","KC","DAL","","","",""
"21736-46244","RB","Donnel","Donnel Pumphrey","Pumphrey","0","0","4500","DEN@PHI","PHI","DEN","IR","Hamstring","",""
"21736-11431","TE","Jermaine","Jermaine Gresham","Gresham","3.5833333333333335","6","4500","ARI@SF","ARI","SF","","","",""
"21736-25775","TE","Clive","Clive Walford","Walford","0.5333333412806193","3","4500","OAK@MIA","OAK","MIA","","","",""
"21736-25789","WR","Rashawn","Rashawn Scott","Scott","0","0","4500","OAK@MIA","MIA","OAK","","","",""
"21736-9409","TE","Clark","Clark Harris","Harris","0","0","4500","CIN@JAC","CIN","JAC","","","",""
"21736-11457","WR","Arrelious","Arrelious Benn","Benn","0.8500000238418579","2","4500","CIN@JAC","JAC","CIN","","","",""
"21736-41163","WR","Keeon","Keeon Johnson","Johnson","0","0","4500","LAR@NYG","NYG","LAR","IR","Foot","",""
"21736-45278","WR","Bernard","Bernard Reedy","Reedy","0.3999999931880406","7","4500","TB@NO","TB","NO","","","",""
"21736-22754","TE","Garrett","Garrett Celek","Celek","2.5166667302449546","6","4500","ARI@SF","SF","ARI","","","",""
"21736-40164","WR","Shelton","Shelton Gibson","Gibson","0","0","4500","DEN@PHI","PHI","DEN","","","",""
"21736-28907","WR","Alex","Alex Erickson","Erickson","1.6571429116385323","7","4500","CIN@JAC","CIN","JAC","","","",""
"21736-11504","WR","Andre","Andre Roberts","Roberts","0.24285714966910227","7","4500","ATL@CAR","ATL","CAR","","","",""
"21736-39153","TE","Ifeanyi","Ifeanyi Momah","Momah","5.099999904632568","1","4500","ARI@SF","ARI","SF","","","",""
"21736-12531","D","Denver","Denver Broncos","Broncos","6.571428571428571","7","4500","DEN@PHI","DEN","PHI","","","",""
"21736-45299","RB","David","David Fluellen","Fluellen","1.0499999523162842","2","4500","BAL@TEN","TEN","BAL","","","",""
"21736-12542","D","New Orleans","New Orleans Saints","Saints","10.428571428571429","7","4500","TB@NO","NO","TB","","","",""
"21736-32000","TE","Luke","Luke Willson","Willson","3.671428680419922","7","4500","WAS@SEA","SEA","WAS","","","",""
"21736-27908","TE","C.J.","C.J. Fiedorowicz","Fiedorowicz","6.599999904632568","1","4500","IND@HOU","HOU","IND","IR","Concussion","",""
"21736-33029","RB","George","George Winn","Winn","0","0","4500","IND@HOU","IND","HOU","IR","Undisclosed","",""
"21736-12553","D","Carolina","Carolina Panthers","Panthers","8.5","8","4500","ATL@CAR","CAR","ATL","","","",""
"21736-30989","RB","Kenyan","Kenyan Drake","Drake","0.6714285441807338","7","4500","OAK@MIA","MIA","OAK","","","",""
"21736-27918","TE","Henry","Henry Krieger-Coble","Krieger-Coble","1.7999999523162842","1","4500","IND@HOU","IND","HOU","","","",""
"21736-30990","RB","Jalston","Jalston Fowler","Fowler","3.1500000953674316","2","4500","BAL@TEN","TEN","BAL","","","",""
"21736-22800","RB","Derrick","Derrick Coleman","Coleman","0.800000011920929","2","4500","ATL@CAR","ATL","CAR","","","",""
"21736-11543","TE","Clay","Clay Harbor","Harbor","1.7000000476837158","2","4500","TB@NO","NO","TB","IR","Undisclosed","",""
"21736-33047","WR","Chris","Chris Moore","Moore","5.5","4","4500","BAL@TEN","BAL","TEN","","","",""
"21736-34071","WR","Nick","Nick Williams","Williams","4.5","1","4500","ATL@CAR","ATL","CAR","","","",""
"21736-55577","WR","Hunter","Hunter Sharp","Sharp","0","1","4500","DEN@PHI","DEN","PHI","","","",""
"21736-24862","WR","Rashad","Rashad Greene Sr.","Greene Sr.","0.4625000059604645","8","4500","CIN@JAC","JAC","CIN","IR","Undisclosed","",""
"21736-29985","WR","Jaydon","Jaydon Mickens","Mickens","0","0","4500","CIN@JAC","JAC","CIN","","","",""
"21736-11556","TE","Michael","Michael Hoomanawanui","Hoomanawanui","3.200000047683716","4","4500","TB@NO","NO","TB","","","",""
"21736-31036","WR","Kevin","Kevin Norwood","Norwood","0","0","4500","LAR@NYG","NYG","LAR","IR","Hip","",""
"21736-43334","RB","J.D.","J.D. McKissic","McKissic","7.525000095367432","4","4500","WAS@SEA","SEA","WAS","","","",""
"21736-32082","WR","Jordan","Jordan Taylor","Taylor","2.199999968210856","3","4500","DEN@PHI","DEN","PHI","","","",""
"21736-55635","WR","Chris","Chris Godwin","Godwin","1.816666603088379","6","4500","TB@NO","TB","NO","","","",""
"21736-33137","WR","Justin","Justin Hardy","Hardy","4.650000095367432","4","4500","ATL@CAR","ATL","CAR","","","",""
"21736-38264","WR","Demarcus","Demarcus Robinson","Robinson","3.3","5","4500","KC@DAL","KC","DAL","","","",""
"21736-37245","RB","Fozzy","Fozzy Whittaker","Whittaker","2.9749999046325684","4","4500","ATL@CAR","CAR","ATL","Q","Ankle","",""
"21736-43397","WR","Carlos","Carlos Henderson","Henderson","0","0","4500","DEN@PHI","DEN","PHI","IR","Thumb","",""
"21736-53639","WR","Isaiah","Isaiah McKenzie","McKenzie","-0.18333333730697632","6","4500","DEN@PHI","DEN","PHI","","","",""
"21736-22920","TE","Derek","Derek Carrier","Carrier","1.3250000476837158","4","4500","LAR@NYG","LAR","NYG","","","",""
"21736-39305","TE","A.J.","A.J. Derby","Derby","5.657142639160156","7","4500","DEN@PHI","DEN","PHI","","","",""
"21736-53645","RB","Elijah","Elijah Hood","Hood","0","0","4500","OAK@MIA","OAK","MIA","","","",""
"21736-55694","WR","Michael","Michael Thomas","Thomas","0.45714286395481657","7","4500","LAR@NYG","LAR","NYG","","","",""
"21736-28055","WR","Amara","Amara Darboh","Darboh","1.6","5","4500","WAS@SEA","SEA","WAS","","","",""
"21736-43416","WR","Trent","Trent Taylor","Taylor","4.150000095367432","8","4500","ARI@SF","SF","ARI","","","",""
"21736-80289","WR","Kendrick","Kendrick Bourne","Bourne","0","2","4500","ARI@SF","SF","ARI","","","",""
"21736-28065","WR","Jehu","Jehu Chesson","Chesson","0","2","4500","KC@DAL","KC","DAL","","","",""
"21736-47523","WR","Tajae","Tajae Sharpe","Sharpe","5.300000190734863","16","4500","BAL@TEN","TEN","BAL","IR","Foot","",""
"21736-32185","RB","Zach","Zach Line","Line","0","2","4500","TB@NO","NO","TB","","","",""
"21736-26045","WR","Leonte","Leonte Carroo","Carroo","2.5999999046325684","4","4500","OAK@MIA","MIA","OAK","","","",""
"21736-31169","TE","Jeremy","Jeremy Sprinkle","Sprinkle","0","0","4500","WAS@SEA","WAS","SEA","","","",""
"21736-53697","WR","Kaelin","Kaelin Clay","Clay","0.6599999904632569","5","4500","ATL@CAR","CAR","ATL","","","",""
"21736-39373","WR","Jaelen","Jaelen Strong","Strong","3.3500000635782876","6","4500","CIN@JAC","JAC","CIN","","","",""
"21736-21972","WR","Brian","Brian Quick","Quick","1.600000023841858","1","4500","WAS@SEA","WAS","SEA","","","",""
"21736-54742","TE","Scott","Scott Simonson","Simonson","0","0","4500","ATL@CAR","CAR","ATL","IR","Back","",""
"21736-23003","TE","Phillip","Phillip Supernaw","Supernaw","3.133333206176758","3","4500","BAL@TEN","TEN","BAL","","","",""
"21736-6622","WR","Eric","Eric Weems","Weems","0.2","5","4500","BAL@TEN","TEN","BAL","","","",""
"21736-15838","TE","Erik","Erik Swoope","Swoope","4.8000000847710504","9","4500","IND@HOU","IND","HOU","IR","Knee","",""
"21736-14816","TE","Kyle","Kyle Nelson","Nelson","0","0","4500","ARI@SF","SF","ARI","","","",""
"21736-31207","TE","C.J.","C.J. Uzomah","Uzomah","1.8000000317891438","3","4500","CIN@JAC","CIN","JAC","","","",""
"21736-32234","RB","Malcolm","Malcolm Brown","Brown","3.5333334604899087","6","4500","LAR@NYG","LAR","NYG","","","",""
"21736-32235","WR","Marcus","Marcus Johnson","Johnson","0.800000011920929","4","4500","DEN@PHI","PHI","DEN","","","",""
"21736-60910","WR","Dede","Dede Westbrook","Westbrook","0","0","4500","CIN@JAC","JAC","CIN","IR","Abdomen","",""
"21736-28157","WR","Bennie","Bennie Fowler","Fowler","6.285714285714286","7","4500","DEN@PHI","DEN","PHI","","","",""
"21736-41469","TE","Darrell","Darrell Daniels","Daniels","1.024999976158142","4","4500","IND@HOU","IND","HOU","","","",""
"21736-29183","RB","D.J.","D.J. Foster","Foster","1.0333333015441895","3","4500","ARI@SF","ARI","SF","","","",""
"21736-32257","K","Nick","Nick Rose","Rose","7","2","4500","WAS@SEA","WAS","SEA","","","",""
"21736-39428","RB","Kyle","Kyle Juszczyk","Juszczyk","4.05999984741211","5","4500","ARI@SF","SF","ARI","","","",""
"21736-23046","RB","Jamize","Jamize Olawale","Olawale","2.5250000953674316","4","4500","OAK@MIA","OAK","MIA","Q","Hamstring","",""
"21736-6668","K","Adam","Adam Vinatieri","Vinatieri","9.142857142857142","7","4500","IND@HOU","IND","HOU","","","",""
"21736-80400","RB","Lenard","Lenard Tillery","Tillery","0","0","4500","LAR@NYG","LAR","NYG","IR","Undisclosed","",""
"21736-22048","RB","Robert","Robert Turbin","Turbin","3.566666603088379","6","4500","IND@HOU","IND","HOU","IR","Elbow","",""
"21736-30244","RB","Matt","Matt Jones","Jones","0.699999988079071","2","4500","IND@HOU","IND","HOU","Q","Ankle","",""
"21736-31269","RB","Corey","Corey Grant","Grant","3.220000076293945","5","4500","CIN@JAC","JAC","CIN","","","",""
"21736-7718","RB","Cedric","Cedric Peerman","Peerman","1.5","1","4500","CIN@JAC","CIN","JAC","IR","Shoulder","",""
"21736-33320","RB","Senorise","Senorise Perry","Perry","0","0","4500","OAK@MIA","MIA","OAK","","","",""
"21736-38441","RB","Justin","Justin Davis","Davis","0.10000000149011612","1","4500","LAR@NYG","LAR","NYG","","","",""
"21736-31280","K","Cody","Cody Parkey","Parkey","6","6","4500","OAK@MIA","MIA","OAK","","","",""
"21736-22065","TE","Rhett","Rhett Ellison","Ellison","2.8","5","4500","LAR@NYG","NYG","LAR","","","",""
"21736-28226","WR","Aaron","Aaron Burbridge","Burbridge","1.287500023841858","8","4500","ARI@SF","SF","ARI","IR","Hamstring","",""
"21736-39492","TE","Josh","Josh Hill","Hill","3.2000001271565757","3","4500","TB@NO","NO","TB","","","",""
"21736-32331","RB","Tra","Tra Carson","Carson","0","0","4500","CIN@JAC","CIN","JAC","IR","Undisclosed","",""
"21736-31308","WR","Quan","Quan Bray","Bray","0.675000011920929","8","4500","IND@HOU","IND","HOU","","","",""
"21736-22100","K","Randy","Randy Bullock","Bullock","6.666666666666667","6","4500","CIN@JAC","CIN","JAC","Q","Back","",""
"21736-6742","TE","Brent","Brent Celek","Celek","1.0600000381469727","5","4500","DEN@PHI","PHI","DEN","","","",""
"21736-18009","TE","Chris","Chris Manhertz","Manhertz","1.600000023841858","1","4500","ATL@CAR","CAR","ATL","","","",""
"21736-30297","TE","Trey","Trey Burton","Burton","2.9166666666666665","6","4500","DEN@PHI","PHI","DEN","","","",""
"21736-31321","RB","Jay","Jay Prosch","Prosch","2.299999952316284","1","4500","IND@HOU","HOU","IND","","","",""
"21736-29277","TE","Stephen","Stephen Anderson","Anderson","3.2833334604899087","6","4500","IND@HOU","HOU","IND","","","",""
"21736-22123","TE","James","James Hanna","Hanna","4.650000095367432","2","4500","KC@DAL","DAL","KC","","","",""
"21736-30326","RB","Keith","Keith Marshall","Marshall","0","0","4500","WAS@SEA","WAS","SEA","IR","Knee","",""
"21736-29304","RB","Daniel","Daniel Lasco II","Lasco II","1.7666667302449544","3","4500","TB@NO","NO","TB","","","",""
"21736-6778","TE","Anthony","Anthony Fasano","Fasano","4.033333460489909","3","4500","OAK@MIA","MIA","OAK","","","",""
"21736-38523","TE","Geoff","Geoff Swaim","Swaim","1.75","2","4500","KC@DAL","DAL","KC","","","",""
"21736-27273","RB","Andy","Andy Janovich","Janovich","0.7250000238418579","4","4500","DEN@PHI","DEN","PHI","","","",""
"21736-33418","TE","Alan","Alan Cross","Cross","1.0499999523162842","2","4500","TB@NO","TB","NO","","","",""
"21736-40586","WR","Fred","Fred Ross Jr.","Ross Jr.","0","0","4500","ATL@CAR","CAR","ATL","IR","Ankle","",""
"21736-28311","TE","MarQueis","MarQueis Gray","Gray","0","1","4500","OAK@MIA","MIA","OAK","","","",""
"21736-45723","TE","Crockett","Crockett Gillmore","Gillmore","3.4200000762939453","5","4500","BAL@TEN","BAL","TEN","IR","Knee","",""
"21736-80546","WR","Dan","Dan Arnold","Arnold","0","0","4500","TB@NO","NO","TB","IR","Undisclosed","",""
"21736-29357","RB","Kenjon","Kenjon Barner","Barner","1.3800000190734862","5","4500","DEN@PHI","PHI","DEN","","","",""
"21736-31406","RB","Alfred","Alfred Blue","Blue","1.649999976158142","2","4500","IND@HOU","HOU","IND","","","",""
"21736-62127","TE","Cole","Cole Hikutini","Hikutini","1.25","2","4500","ARI@SF","SF","ARI","","","",""
"21736-25267","WR","Mack","Mack Hollins","Hollins","6.599999904632568","4","4500","DEN@PHI","PHI","DEN","","","",""
"21736-22198","WR","Brittan","Brittan Golden","Golden","3.1666666666666665","3","4500","ARI@SF","ARI","SF","Q","Groin","",""
"21736-28346","TE","Maxx","Maxx Williams","Williams","1.4666666984558105","3","4500","BAL@TEN","BAL","TEN","","","",""
"21736-39615","TE","Brandon","Brandon Williams","Williams","2.339999961853027","5","4500","IND@HOU","IND","HOU","","","",""
"21736-52931","RB","Elijhaa","Elijhaa Penny","Penny","0.6000000238418579","2","4500","ARI@SF","ARI","SF","","","",""
"21736-70342","TE","Temarrick","Temarrick Hemingway","Hemingway","0","0","4500","LAR@NYG","LAR","NYG","IR","Lower leg","",""
"21736-30412","WR","Tavarres","Tavarres King","King","0.5","2","4500","LAR@NYG","NYG","LAR","","","",""
"21736-16078","TE","Ross","Ross Travis","Travis","0.8800000190734864","5","4500","KC@DAL","KC","DAL","","","",""
"21736-29390","TE","Evan","Evan Baylis","Baylis","0","0","4500","ATL@CAR","CAR","ATL","","","",""
"21736-33488","TE","Troy","Troy Niklas","Niklas","2.5200000762939454","5","4500","ARI@SF","ARI","SF","","","",""
"21736-40669","WR","Tyler","Tyler Boyd","Boyd","1.8250000476837158","4","4500","CIN@JAC","CIN","JAC","Q","Knee","",""
"21736-38624","RB","T.J.","T.J. Logan","Logan","0","0","4500","ARI@SF","ARI","SF","IR","Wrist","",""
"21736-70372","WR","Chester","Chester Rogers","Rogers","2.5","2","4500","IND@HOU","IND","HOU","","","",""
"21736-26343","WR","Corey","Corey Fuller","Fuller","0","0","4500","TB@NO","NO","TB","IR","Undisclosed","",""
"21736-38634","WR","Ryan","Ryan Switzer","Switzer","0.11428571598870414","7","4500","KC@DAL","DAL","KC","","","",""
"21736-33531","TE","Ben","Ben Koyack","Koyack","1.2666666507720947","3","4500","CIN@JAC","JAC","CIN","","","",""
"21736-6910","K","Robbie","Robbie Gould","Gould","9.25","8","4500","ARI@SF","SF","ARI","","","",""
"21736-47870","TE","Tyler","Tyler Higbee","Higbee","3.557142802647182","7","4500","LAR@NYG","LAR","NYG","","","",""
"21736-26384","RB","Trey","Trey Edmunds","Edmunds","0","2","4500","TB@NO","NO","TB","","","",""
"21736-15121","WR","Chris","Chris Matthews","Matthews","1.3333333333333333","3","4500","BAL@TEN","BAL","TEN","Q","Thigh","",""
"21736-22292","RB","Lance","Lance Dunbar","Dunbar","2.6636362942782315","11","4500","LAR@NYG","LAR","NYG","NA","Knee","",""
"21736-12055","TE","Logan","Logan Paulsen","Paulsen","0","1","4500","ARI@SF","SF","ARI","","","",""
"21736-70422","WR","Kalif","Kalif Raymond","Raymond","-1","2","4500","LAR@NYG","NYG","LAR","","","",""
"21736-31524","WR","Cody","Cody Core","Core","0","2","4500","CIN@JAC","CIN","JAC","","","",""
"21736-29477","TE","Connor","Connor Hamlett","Hamlett","8.199999809265137","1","4500","KC@DAL","DAL","KC","","","",""
"21736-32556","WR","Deante'","Deante' Gray","Gray","0","0","4500","IND@HOU","HOU","IND","IR","Knee - acl","",""
"21736-22317","WR","Brenton","Brenton Bersin","Bersin","1.350000023841858","2","4500","ATL@CAR","CAR","ATL","","","",""
"21736-10030","WR","Harry","Harry Douglas","Douglas","4.071428571428571","7","4500","BAL@TEN","TEN","BAL","IR","Knee","",""
"21736-28463","WR","Austin","Austin Carr","Carr","0","0","4500","TB@NO","NO","TB","","","",""
"21736-27441","RB","Damien","Damien Williams","Williams","2.0333333015441895","6","4500","OAK@MIA","MIA","OAK","","","",""
"21736-43826","WR","Tommylee","Tommylee Lewis","Lewis","2.116666634877523","6","4500","TB@NO","NO","TB","","","",""
"21736-41780","WR","Chris","Chris Thompson","Thompson","0.6000000238418579","4","4500","IND@HOU","HOU","IND","","","",""
"21736-40758","RB","Corey","Corey Clement","Clement","4.866666793823242","6","4500","DEN@PHI","PHI","DEN","","","",""
"21736-38722","TE","Cethan","Cethan Carter","Carter","0","1","4500","CIN@JAC","CIN","JAC","","","",""
"21736-70468","WR","Ed","Ed Eagan","Eagan","0","2","4500","LAR@NYG","NYG","LAR","","","",""
"21736-28487","TE","Jeff","Jeff Heuerman","Heuerman","3.875","4","4500","DEN@PHI","DEN","PHI","","","",""
"21736-38753","TE","Jake","Jake Butt","Butt","0","0","4500","DEN@PHI","DEN","PHI","O","Knee - acl","",""
"21736-70496","K","Aldrick","Aldrick Rosas","Rosas","5.142857142857143","7","4500","LAR@NYG","NYG","LAR","","","",""
"21736-29540","RB","Terron","Terron Ward","Ward","3.3400001525878906","5","4500","ATL@CAR","ATL","CAR","","","",""
"21736-53097","WR","Josh","Josh Reynolds","Reynolds","3.299999952316284","1","4500","LAR@NYG","LAR","NYG","","","",""
"21736-32632","WR","Bradley","Bradley Marquez","Marquez","0.7714285850524902","7","4500","LAR@NYG","LAR","NYG","IR","Knee","",""
"21736-28545","RB","Rod","Rod Smith","Smith","3.3999999364217124","3","4500","KC@DAL","DAL","KC","","","",""
"21736-27527","TE","Blake","Blake Jarwin","Jarwin","0","0","4500","KC@DAL","DAL","KC","","","",""
"21736-19342","TE","Demetrius","Demetrius Harris","Harris","2.449999968210856","6","4500","KC@DAL","KC","DAL","Q","Shoulder","",""
"21736-40857","RB","Peyton","Peyton Barber","Barber","2.450000047683716","2","4500","TB@NO","TB","NO","","","",""
"21736-28570","TE","Nick","Nick Vannett","Vannett","1.4500000476837158","4","4500","WAS@SEA","SEA","WAS","","","",""
"21736-25513","WR","Darius","Darius Jennings","Jennings","0","0","4500","BAL@TEN","TEN","BAL","","","",""
"21736-22447","WR","Griff","Griff Whalen","Whalen","2.1500000953674316","2","4500","BAL@TEN","BAL","TEN","","","",""
"21736-29624","RB","Tre","Tre Madden","Madden","3.75","2","4500","WAS@SEA","SEA","WAS","","","",""
"21736-56248","WR","Noah","Noah Brown","Brown","1.7999999523162842","1","4500","KC@DAL","DAL","KC","Q","Thigh","",""
"21736-43961","RB","Tyler","Tyler Ervin","Ervin","2.25","4","4500","IND@HOU","HOU","IND","IR","Knee","",""
"21736-30652","WR","Tanner","Tanner McEvoy","McEvoy","1.2000000476837158","4","4500","WAS@SEA","SEA","WAS","Q","Hamstring","",""
"21736-30654","TE","Jerell","Jerell Adams","Adams","2.3333333333333335","3","4500","LAR@NYG","NYG","LAR","","","",""
"21736-32703","WR","Jakeem","Jakeem Grant","Grant","0.42857142857142855","7","4500","OAK@MIA","MIA","OAK","","","",""
"21736-41922","WR","Johnny","Johnny Holton","Holton","12.899999618530273","1","4500","OAK@MIA","OAK","MIA","","","",""
"21736-43970","RB","Shane","Shane Smith","Smith","0","0","4500","LAR@NYG","NYG","LAR","","","",""
"21736-43973","RB","Keith","Keith Smith","Smith","2","1","4500","KC@DAL","DAL","KC","","","",""
"21736-57299","TE","Gerald","Gerald Everett","Everett","4.979999923706055","5","4500","LAR@NYG","LAR","NYG","","","",""
"21736-30678","WR","Damiere","Damiere Byrd","Byrd","0.30000001192092896","4","4500","ATL@CAR","CAR","ATL","IR","Forearm","",""
"21736-25561","WR","Michael","Michael Campanaro","Campanaro","3.4857142312186107","7","4500","BAL@TEN","BAL","TEN","Q","Shoulder","",""
"21736-14304","TE","Luke","Luke Stocker","Stocker","1","1","4500","TB@NO","TB","NO","","","",""
"21736-41954","WR","Victor","Victor Bolden Jr.","Bolden Jr.","0","4","4500","ARI@SF","SF","ARI","","","",""
"21736-40932","WR","Pharoh","Pharoh Cooper","Cooper","1.1571429116385323","7","4500","LAR@NYG","LAR","NYG","","","",""
"21736-41964","TE","Vince","Vince Mayle","Mayle","2.066666603088379","3","4500","BAL@TEN","BAL","TEN","Q","Concussion","",""
"21736-48116","TE","Jonnu","Jonnu Smith","Smith","4.700000127156575","6","4500","BAL@TEN","TEN","BAL","","","",""
"21736-14327","RB","Anthony","Anthony Sherman","Sherman","0.5333333412806193","3","4500","KC@DAL","KC","DAL","","","",""
"21736-39930","WR","Reggie","Reggie Davis","Davis","0","0","4500","ATL@CAR","ATL","CAR","","","",""
"21736-12525","D","Atlanta","Atlanta Falcons","Falcons","5.142857142857143","7","4400","ATL@CAR","ATL","CAR","","","",""
"21736-12536","D","Kansas City","Kansas City Chiefs","Chiefs","8.75","8","4400","KC@DAL","KC","DAL","","","",""
"21736-12549","D","San Francisco","San Francisco 49ers","49ers","4","8","4400","ARI@SF","SF","ARI","","","",""
"21736-12530","D","Dallas","Dallas Cowboys","Cowboys","8.142857142857142","7","4300","KC@DAL","DAL","KC","","","",""
"21736-12539","D","Miami","Miami Dolphins","Dolphins","5.857142857142857","7","4200","OAK@MIA","MIA","OAK","","","",""
"21736-12551","D","Tampa Bay","Tampa Bay Buccaneers","Buccaneers","5.571428571428571","7","4200","TB@NO","TB","NO","","","",""
"21736-12543","D","New York","New York Giants","Giants","6.142857142857143","7","4100","LAR@NYG","NYG","LAR","","","",""
"21736-12552","D","Washington","Washington Redskins","Redskins","7.142857142857143","7","4100","WAS@SEA","WAS","SEA","","","",""
"21736-12535","D","Indianapolis","Indianapolis Colts","Colts","5.625","8","4000","IND@HOU","IND","HOU","","","",""