Year,Week,Slate,ID,Name,Position,Salary,GameInfo,Team,Opponent,FPPG,InjuryStatus,InjuryDetails
2017,Week9,Full,9725865,DeAndre Hopkins,WR,9200,IND@HOU 11/05/2017 01:00PM ET,HOU,,0.0,,
2017,Week9,Full,9726083,Ezekiel Elliott,RB,9000,KC@DAL 11/05/2017 04:25PM ET,DAL,,0.0,,
2017,Week9,Full,9725635,LeSean McCoy,RB,8700,BUF@NYJ 11/02/2017 08:25PM ET,BUF,,0.0,,
2017,Week9,Full,9726128,Kareem Hunt,RB,8600,KC@DAL 11/05/2017 04:25PM ET,KC,,0.0,,
2017,Week9,Full,9726173,Leonard Fournette,RB,8400,CIN@JAX 11/05/2017 01:00PM ET,JAX,,0.0,,
2017,Week9,Full,9726183,Deshaun Watson,QB,8100,IND@HOU 11/05/2017 01:00PM ET,HOU,,0.0,,
2017,Week9,Full,9726030,Todd Gurley II,RB,8100,LAR@NYG 11/05/2017 01:00PM ET,LAR,,0.0,,
2017,Week9,Full,9725688,Julio Jones,WR,7800,ATL@CAR 11/05/2017 01:00PM ET,ATL,,0.0,,
2017,Week9,Full,9725892,Mike Evans,WR,7700,TB@NO 11/05/2017 01:00PM ET,TB,,0.0,,
2017,Week9,Full,9725686,Mark Ingram,RB,7600,TB@NO 11/05/2017 01:00PM ET,NO,,0.0,,
2017,Week9,Full,9725692,A.J. Green,WR,7400,CIN@JAX 11/05/2017 01:00PM ET,CIN,,0.0,,
2017,Week9,Full,9725659,Russell Wilson,QB,7300,WAS@SEA 11/05/2017 04:05PM ET,SEA,,0.0,,
2017,Week9,Full,9726004,Michael Thomas,WR,7200,TB@NO 11/05/2017 01:00PM ET,NO,,0.0,,
2017,Week9,Full,9726143,Will Fuller V,WR,7000,IND@HOU 11/05/2017 01:00PM ET,HOU,,0.0,,
2017,Week9,Full,9725523,Drew Brees,QB,7000,TB@NO 11/05/2017 01:00PM ET,NO,,0.0,,
2017,Week9,Full,9725644,Doug Baldwin,WR,6900,WAS@SEA 11/05/2017 04:05PM ET,SEA,,0.0,,
2017,Week9,Full,9725752,Zach Ertz,TE,6800,DEN@PHI 11/05/2017 01:00PM ET,PHI,,0.0,,
2017,Week9,Full,9725678,Travis Kelce,TE,6700,KC@DAL 11/05/2017 04:25PM ET,KC,,0.0,,
2017,Week9,Full,9725874,Dak Prescott,QB,6700,KC@DAL 11/05/2017 04:25PM ET,DAL,,0.0,,
2017,Week9,Full,9726181,Tyreek Hill,WR,6700,KC@DAL 11/05/2017 04:25PM ET,KC,,0.0,,
2017,Week9,Full,9725880,Devonta Freeman,RB,6600,ATL@CAR 11/05/2017 01:00PM ET,ATL,,0.0,,
2017,Week9,Full,9726222,Amari Cooper,WR,6600,OAK@MIA 11/05/2017 08:30PM ET,OAK,,0.0,,
2017,Week9,Full,9726184,Christian McCaffrey,RB,6500,ATL@CAR 11/05/2017 01:00PM ET,CAR,,0.0,,
2017,Week9,Full,9725542,Alex Smith,QB,6500,KC@DAL 11/05/2017 04:25PM ET,KC,,0.0,,
2017,Week9,Full,9726224,Michael Crabtree,WR,6500,OAK@MIA 11/05/2017 08:30PM ET,OAK,,0.0,,
2017,Week9,Full,9725820,David Johnson,RB,6400,ARI@SF 11/05/2017 04:05PM ET,ARI,,0.0,,
2017,Week9,Full,9725632,Dez Bryant,WR,6400,KC@DAL 11/05/2017 04:25PM ET,DAL,,0.0,,
2017,Week9,Full,9726209,Derek Carr,QB,6400,OAK@MIA 11/05/2017 08:30PM ET,OAK,,0.0,,
2017,Week9,Full,9725617,Cam Newton,QB,6300,ATL@CAR 11/05/2017 01:00PM ET,CAR,,0.0,,
2017,Week9,Full,9726149,Alvin Kamara,RB,6300,TB@NO 11/05/2017 01:00PM ET,NO,,0.0,,
2017,Week9,Full,9726250,Jarvis Landry,WR,6300,OAK@MIA 11/05/2017 08:30PM ET,MIA,,0.0,,
2017,Week9,Full,9726283,Golden Tate,WR,6300,DET@GB 11/06/2017 08:30PM ET,DET,,0.0,,
2017,Week9,Full,9725538,Matt Ryan,QB,6200,ATL@CAR 11/05/2017 01:00PM ET,ATL,,0.0,,
2017,Week9,Full,9725929,Kelvin Benjamin,WR,6200,ATL@CAR 11/05/2017 01:00PM ET,CAR,,0.0,,
2017,Week9,Full,9725778,Lamar Miller,RB,6200,IND@HOU 11/05/2017 01:00PM ET,HOU,,0.0,,
2017,Week9,Full,9725983,Carson Wentz,QB,6100,DEN@PHI 11/05/2017 01:00PM ET,PHI,,0.0,,
2017,Week9,Full,9725780,Chris Thompson,RB,6100,WAS@SEA 11/05/2017 04:05PM ET,WAS,,0.0,,
2017,Week9,Full,9726252,DeVante Parker,WR,6100,OAK@MIA 11/05/2017 08:30PM ET,MIA,,0.0,,
2017,Week9,Full,9726271,Matthew Stafford,QB,6100,DET@GB 11/06/2017 08:30PM ET,DET,,0.0,,
2017,Week9,Full,9725610,Demaryius Thomas,WR,6000,DEN@PHI 11/05/2017 01:00PM ET,DEN,,0.0,,
2017,Week9,Full,9725966,Marcus Mariota,QB,6000,BAL@TEN 11/05/2017 01:00PM ET,TEN,,0.0,,
2017,Week9,Full,9726306,Aaron Jones,RB,6000,DET@GB 11/06/2017 08:30PM ET,GB,,0.0,,
2017,Week9,Full,9725643,Tyrod Taylor,QB,5900,BUF@NYJ 11/02/2017 08:25PM ET,BUF,,0.0,,
2017,Week9,Full,9725552,Larry Fitzgerald,WR,5900,ARI@SF 11/05/2017 04:05PM ET,ARI,,0.0,,
2017,Week9,Full,9725622,Doug Martin,RB,5800,TB@NO 11/05/2017 01:00PM ET,TB,,0.0,,
2017,Week9,Full,9726016,Jameis Winston,QB,5800,TB@NO 11/05/2017 01:00PM ET,TB,,0.0,,
2017,Week9,Full,9726314,Jordy Nelson,WR,5800,DET@GB 11/06/2017 08:30PM ET,GB,,0.0,,
2017,Week9,Full,9725591,Emmanuel Sanders,WR,5700,DEN@PHI 11/05/2017 01:00PM ET,DEN,,0.0,,
2017,Week9,Full,9725669,Kirk Cousins,QB,5700,WAS@SEA 11/05/2017 04:05PM ET,WAS,,0.0,,
2017,Week9,Full,9726242,Jay Ajayi,RB,5700,OAK@MIA 11/05/2017 08:30PM ET,MIA,,0.0,,
2017,Week9,Full,9726137,Evan Engram,TE,5600,LAR@NYG 11/05/2017 01:00PM ET,NYG,,0.0,,
2017,Week9,Full,9725530,Carson Palmer,QB,5600,ARI@SF 11/05/2017 04:05PM ET,ARI,,0.0,,
2017,Week9,Full,9725561,Adrian Peterson,RB,5600,ARI@SF 11/05/2017 04:05PM ET,ARI,,0.0,,
2017,Week9,Full,9726285,Marvin Jones Jr.,WR,5600,DET@GB 11/06/2017 08:30PM ET,DET,,0.0,,
2017,Week9,Full,9725524,Josh McCown,QB,5500,BUF@NYJ 11/02/2017 08:25PM ET,NYJ,,0.0,,
2017,Week9,Full,9725581,DeSean Jackson,WR,5500,TB@NO 11/05/2017 01:00PM ET,TB,,0.0,,
2017,Week9,Full,9726066,Jared Goff,QB,5500,LAR@NYG 11/05/2017 01:00PM ET,LAR,,0.0,,
2017,Week9,Full,9725567,Darren McFadden,RB,5500,KC@DAL 11/05/2017 04:25PM ET,DAL,,0.0,,
2017,Week9,Full,9725624,Alfred Morris,RB,5500,KC@DAL 11/05/2017 04:25PM ET,DAL,,0.0,,
2017,Week9,Full,9726044,Devin Funchess,WR,5400,ATL@CAR 11/05/2017 01:00PM ET,CAR,,0.0,,
2017,Week9,Full,9725708,Andrew Luck,QB,5400,IND@HOU 11/05/2017 01:00PM ET,IND,,0.0,,
2017,Week9,Full,9725598,DeMarco Murray,RB,5400,BAL@TEN 11/05/2017 01:00PM ET,TEN,,0.0,,
2017,Week9,Full,9726316,Davante Adams,WR,5400,DET@GB 11/06/2017 08:30PM ET,GB,,0.0,,
2017,Week9,Full,9725528,Derek Anderson,QB,5300,ATL@CAR 11/05/2017 01:00PM ET,CAR,,0.0,,
2017,Week9,Full,9725741,Mohamed Sanu,WR,5300,ATL@CAR 11/05/2017 01:00PM ET,ATL,,0.0,,
2017,Week9,Full,9725760,Alshon Jeffery,WR,5300,DEN@PHI 11/05/2017 01:00PM ET,PHI,,0.0,,
2017,Week9,Full,9725953,Jacoby Brissett,QB,5200,IND@HOU 11/05/2017 01:00PM ET,IND,,0.0,,
2017,Week9,Full,9726012,Sterling Shepard,WR,5200,LAR@NYG 11/05/2017 01:00PM ET,NYG,,0.0,,
2017,Week9,Full,9725807,Carlos Hyde,RB,5200,ARI@SF 11/05/2017 04:05PM ET,SF,,0.0,,
2017,Week9,Full,9726167,Joe Mixon,RB,5100,CIN@JAX 11/05/2017 01:00PM ET,CIN,,0.0,,
2017,Week9,Full,9725648,Pierre Garcon,WR,5100,ARI@SF 11/05/2017 04:05PM ET,SF,,0.0,,
2017,Week9,Full,9726302,Brett Hundley,QB,5100,DET@GB 11/06/2017 08:30PM ET,GB,,0.0,,
2017,Week9,Full,9725588,Andy Dalton,QB,5000,CIN@JAX 11/05/2017 01:00PM ET,CIN,,0.0,,
2017,Week9,Full,9725557,Ted Ginn Jr.,WR,5000,TB@NO 11/05/2017 01:00PM ET,NO,,0.0,,
2017,Week9,Full,9726089,Derrick Henry,RB,5000,BAL@TEN 11/05/2017 01:00PM ET,TEN,,0.0,,
2017,Week9,Full,9725571,Jimmy Graham,TE,5000,WAS@SEA 11/05/2017 04:05PM ET,SEA,,0.0,,
2017,Week9,Full,9725886,Austin Seferian-Jenkins,TE,4900,BUF@NYJ 11/02/2017 08:25PM ET,NYJ,,0.0,,
2017,Week9,Full,9725727,T.Y. Hilton,WR,4900,IND@HOU 11/05/2017 01:00PM ET,IND,,0.0,,
2017,Week9,Full,9725543,Delanie Walker,TE,4900,BAL@TEN 11/05/2017 01:00PM ET,TEN,,0.0,,
2017,Week9,Full,9726019,C.J. Beathard,QB,4900,ARI@SF 11/05/2017 04:05PM ET,SF,,0.0,,
2017,Week9,Full,9725902,Jamison Crowder,WR,4900,WAS@SEA 11/05/2017 04:05PM ET,WAS,,0.0,,
2017,Week9,Full,9726239,Jay Cutler,QB,4900,OAK@MIA 11/05/2017 08:30PM ET,MIA,,0.0,,
2017,Week9,Full,9725700,Jermaine Kearse,WR,4800,BUF@NYJ 11/02/2017 08:25PM ET,NYJ,,0.0,,
2017,Week9,Full,9725529,Ryan Fitzpatrick,QB,4800,TB@NO 11/05/2017 01:00PM ET,TB,,0.0,,
2017,Week9,Full,9725551,Eli Manning,QB,4800,LAR@NYG 11/05/2017 01:00PM ET,NYG,,0.0,,
2017,Week9,Full,9725958,C.J. Anderson,RB,4800,DEN@PHI 11/05/2017 01:00PM ET,DEN,,0.0,,
2017,Week9,Full,9726010,Nelson Agholor,WR,4800,DEN@PHI 11/05/2017 01:00PM ET,PHI,,0.0,,
2017,Week9,Full,9725559,Brian Hoyer,QB,4800,ARI@SF 11/05/2017 04:05PM ET,SF,,0.0,,
2017,Week9,Full,9725776,Jordan Reed,TE,4800,WAS@SEA 11/05/2017 04:05PM ET,WAS,,0.0,,
2017,Week9,Full,9726210,EJ Manuel,QB,4800,OAK@MIA 11/05/2017 08:30PM ET,OAK,,0.0,,
2017,Week9,Full,9726038,Tevin Coleman,RB,4700,ATL@CAR 11/05/2017 01:00PM ET,ATL,,0.0,,
2017,Week9,Full,9725775,AJ McCarron,QB,4700,CIN@JAX 11/05/2017 01:00PM ET,CIN,,0.0,,
2017,Week9,Full,9725867,Blake Bortles,QB,4700,CIN@JAX 11/05/2017 01:00PM ET,JAX,,0.0,,
2017,Week9,Full,9725811,Trevor Siemian,QB,4700,DEN@PHI 11/05/2017 01:00PM ET,DEN,,0.0,,
2017,Week9,Full,9725537,Drew Stanton,QB,4700,ARI@SF 11/05/2017 04:05PM ET,ARI,,0.0,,
2017,Week9,Full,9725587,Colt McCoy,QB,4700,WAS@SEA 11/05/2017 04:05PM ET,WAS,,0.0,,
2017,Week9,Full,9725863,Paul Richardson,WR,4700,WAS@SEA 11/05/2017 04:05PM ET,SEA,,0.0,,
2017,Week9,Full,9726198,Patrick Mahomes II,QB,4700,KC@DAL 11/05/2017 04:25PM ET,KC,,0.0,,
2017,Week9,Full,9726318,Randall Cobb,WR,4700,DET@GB 11/06/2017 08:30PM ET,GB,,0.0,,
2017,Week9,Full,9725664,Bilal Powell,RB,4600,BUF@NYJ 11/02/2017 08:25PM ET,NYJ,,0.0,,
2017,Week9,Full,9725786,Tom Savage,QB,4600,IND@HOU 11/05/2017 01:00PM ET,HOU,,0.0,,
2017,Week9,Full,9725580,Chase Daniel,QB,4600,TB@NO 11/05/2017 01:00PM ET,NO,,0.0,,
2017,Week9,Full,9725541,Joe Flacco,QB,4600,BAL@TEN 11/05/2017 01:00PM ET,BAL,,0.0,,
2017,Week9,Full,9725848,Rishard Matthews,WR,4600,BAL@TEN 11/05/2017 01:00PM ET,TEN,,0.0,,
2017,Week9,Full,9726118,Alex Collins,RB,4600,BAL@TEN 11/05/2017 01:00PM ET,BAL,,0.0,,
2017,Week9,Full,9725713,Blaine Gabbert,QB,4600,ARI@SF 11/05/2017 04:05PM ET,ARI,,0.0,,
2017,Week9,Full,9725927,Tyler Lockett,WR,4600,WAS@SEA 11/05/2017 04:05PM ET,SEA,,0.0,,
2017,Week9,Full,9725531,Jason Witten,TE,4600,KC@DAL 11/05/2017 04:25PM ET,DAL,,0.0,,
2017,Week9,Full,9725991,T.J. Yeldon,RB,4500,CIN@JAX 11/05/2017 01:00PM ET,JAX,,0.0,,
2017,Week9,Full,9725822,Cameron Brate,TE,4500,TB@NO 11/05/2017 01:00PM ET,TB,,0.0,,
2017,Week9,Full,9725791,Geno Smith,QB,4500,LAR@NYG 11/05/2017 01:00PM ET,NYG,,0.0,,
2017,Week9,Full,9726054,Cooper Kupp,WR,4500,LAR@NYG 11/05/2017 01:00PM ET,LAR,,0.0,,
2017,Week9,Full,9725745,Brock Osweiler,QB,4500,DEN@PHI 11/05/2017 01:00PM ET,DEN,,0.0,,
2017,Week9,Full,9725525,Matt Cassel,QB,4500,BAL@TEN 11/05/2017 01:00PM ET,TEN,,0.0,,
2017,Week9,Full,9725616,Ryan Mallett,QB,4500,BAL@TEN 11/05/2017 01:00PM ET,BAL,,0.0,,
2017,Week9,Full,9726027,Cooper Rush,QB,4500,KC@DAL 11/05/2017 04:25PM ET,DAL,,0.0,,
2017,Week9,Full,9726240,Matt Moore,QB,4500,OAK@MIA 11/05/2017 08:30PM ET,MIA,,0.0,,
2017,Week9,Full,9726254,Kenny Stills,WR,4500,OAK@MIA 11/05/2017 08:30PM ET,MIA,,0.0,,
2017,Week9,Full,9726287,Kenny Golladay,WR,4500,DET@GB 11/06/2017 08:30PM ET,DET,,0.0,,
2017,Week9,Full,9726303,Joe Callahan,QB,4500,DET@GB 11/06/2017 08:30PM ET,GB,,0.0,,
2017,Week9,Full,9726304,Ty Montgomery,RB,4500,DET@GB 11/06/2017 08:30PM ET,GB,,0.0,,
2017,Week9,Full,9725547,Greg Olsen,TE,4400,ATL@CAR 11/05/2017 01:00PM ET,CAR,,0.0,,
2017,Week9,Full,9725608,Chris Ivory,RB,4400,CIN@JAX 11/05/2017 01:00PM ET,JAX,,0.0,,
2017,Week9,Full,9725668,Nick Foles,QB,4400,DEN@PHI 11/05/2017 01:00PM ET,PHI,,0.0,,
2017,Week9,Full,9726087,Corey Davis,WR,4400,BAL@TEN 11/05/2017 01:00PM ET,TEN,,0.0,,
2017,Week9,Full,9725877,Josh Doctson,WR,4400,WAS@SEA 11/05/2017 04:05PM ET,WAS,,0.0,,
2017,Week9,Full,9726155,Charcandrick West,RB,4400,KC@DAL 11/05/2017 04:25PM ET,KC,,0.0,,
2017,Week9,Full,9725556,Matt Schaub,QB,4300,ATL@CAR 11/05/2017 01:00PM ET,ATL,,0.0,,
2017,Week9,Full,9725737,Jack Doyle,TE,4300,IND@HOU 11/05/2017 01:00PM ET,IND,,0.0,,
2017,Week9,Full,9725560,Chad Henne,QB,4300,CIN@JAX 11/05/2017 01:00PM ET,JAX,,0.0,,
2017,Week9,Full,9725838,Robert Woods,WR,4300,LAR@NYG 11/05/2017 01:00PM ET,LAR,,0.0,,
2017,Week9,Full,9725896,Javorius Allen,RB,4300,BAL@TEN 11/05/2017 01:00PM ET,BAL,,0.0,,
2017,Week9,Full,9725656,Austin Davis,QB,4300,WAS@SEA 11/05/2017 04:05PM ET,SEA,,0.0,,
2017,Week9,Full,9725973,Robby Anderson,WR,4200,BUF@NYJ 11/02/2017 08:25PM ET,NYJ,,0.0,,
2017,Week9,Full,9725597,Scott Tolzien,QB,4200,IND@HOU 11/05/2017 01:00PM ET,IND,,0.0,,
2017,Week9,Full,9725854,Sean Mannion,QB,4200,LAR@NYG 11/05/2017 01:00PM ET,LAR,,0.0,,
2017,Week9,Full,9725908,Sammy Watkins,WR,4200,LAR@NYG 11/05/2017 01:00PM ET,LAR,,0.0,,
2017,Week9,Full,9725684,LeGarrette Blount,RB,4200,DEN@PHI 11/05/2017 01:00PM ET,PHI,,0.0,,
2017,Week9,Full,9725735,John Brown,WR,4200,ARI@SF 11/05/2017 04:05PM ET,ARI,,0.0,,
2017,Week9,Full,9726145,Matt Breida,RB,4200,ARI@SF 11/05/2017 04:05PM ET,SF,,0.0,,
2017,Week9,Full,9726214,DeAndre Washington,RB,4200,OAK@MIA 11/05/2017 08:30PM ET,OAK,,0.0,,
2017,Week9,Full,9726272,Jake Rudock,QB,4200,DET@GB 11/06/2017 08:30PM ET,DET,,0.0,,
2017,Week9,Full,9725563,Matt Forte,RB,4100,BUF@NYJ 11/02/2017 08:25PM ET,NYJ,,0.0,,
2017,Week9,Full,9725654,Charles Clay,TE,4100,BUF@NYJ 11/02/2017 08:25PM ET,BUF,,0.0,,
2017,Week9,Full,9726199,Marlon Mack,RB,4100,IND@HOU 11/05/2017 01:00PM ET,IND,,0.0,,
2017,Week9,Full,9725796,Allen Hurns,WR,4100,CIN@JAX 11/05/2017 01:00PM ET,JAX,,0.0,,
2017,Week9,Full,9725583,Jamaal Charles,RB,4100,DEN@PHI 11/05/2017 01:00PM ET,DEN,,0.0,,
2017,Week9,Full,9725578,Eric Decker,WR,4100,BAL@TEN 11/05/2017 01:00PM ET,TEN,,0.0,,
2017,Week9,Full,9725535,Vernon Davis,TE,4100,WAS@SEA 11/05/2017 04:05PM ET,WAS,,0.0,,
2017,Week9,Full,9725690,Terrelle Pryor Sr.,WR,4100,WAS@SEA 11/05/2017 04:05PM ET,WAS,,0.0,,
2017,Week9,Full,9725577,Joe Webb,QB,4000,BUF@NYJ 11/02/2017 08:25PM ET,BUF,,0.0,,
2017,Week9,Full,9725759,Bryce Petty,QB,4000,BUF@NYJ 11/02/2017 08:25PM ET,NYJ,,0.0,,
2017,Week9,Full,9725988,Nathan Peterman,QB,4000,BUF@NYJ 11/02/2017 08:25PM ET,BUF,,0.0,,
2017,Week9,Full,9726134,Christian Hackenberg,QB,4000,BUF@NYJ 11/02/2017 08:25PM ET,NYJ,,0.0,,
2017,Week9,Full,9725762,Garrett Gilbert,QB,4000,ATL@CAR 11/05/2017 01:00PM ET,CAR,,0.0,,
2017,Week9,Full,9726192,D'Onta Foreman,RB,4000,IND@HOU 11/05/2017 01:00PM ET,HOU,,0.0,,
2017,Week9,Full,9725879,Jeff Driskel,QB,4000,CIN@JAX 11/05/2017 01:00PM ET,CIN,,0.0,,
2017,Week9,Full,9725694,Jacquizz Rodgers,RB,4000,TB@NO 11/05/2017 01:00PM ET,TB,,0.0,,
2017,Week9,Full,9725726,Ryan Griffin,QB,4000,TB@NO 11/05/2017 01:00PM ET,TB,,0.0,,
2017,Week9,Full,9725756,Taysom Hill,QB,4000,TB@NO 11/05/2017 01:00PM ET,NO,,0.0,,
2017,Week9,Full,9725918,Brandon Allen,QB,4000,LAR@NYG 11/05/2017 01:00PM ET,LAR,,0.0,,
2017,Week9,Full,9726097,Davis Webb,QB,4000,LAR@NYG 11/05/2017 01:00PM ET,NYG,,0.0,,
2017,Week9,Full,9725782,Bennie Fowler,WR,4000,DEN@PHI 11/05/2017 01:00PM ET,DEN,,0.0,,
2017,Week9,Full,9726003,Chad Kelly,QB,4000,DEN@PHI 11/05/2017 01:00PM ET,DEN,,0.0,,
2017,Week9,Full,9726022,Paxton Lynch,QB,4000,DEN@PHI 11/05/2017 01:00PM ET,DEN,,0.0,,
2017,Week9,Full,9725604,Jeremy Maclin,WR,4000,BAL@TEN 11/05/2017 01:00PM ET,BAL,,0.0,,
2017,Week9,Full,9725634,Brandon Weeden,QB,4000,BAL@TEN 11/05/2017 01:00PM ET,TEN,,0.0,,
2017,Week9,Full,9725660,Aldrick Robinson,WR,4000,ARI@SF 11/05/2017 04:05PM ET,SF,,0.0,,
2017,Week9,Full,9725718,Jaron Brown,WR,4000,ARI@SF 11/05/2017 04:05PM ET,ARI,,0.0,,
2017,Week9,Full,9725704,Cole Beasley,WR,4000,KC@DAL 11/05/2017 04:25PM ET,DAL,,0.0,,
2017,Week9,Full,9725800,Tyler Bray,QB,4000,KC@DAL 11/05/2017 04:25PM ET,KC,,0.0,,
2017,Week9,Full,9726211,Connor Cook,QB,4000,OAK@MIA 11/05/2017 08:30PM ET,OAK,,0.0,,
2017,Week9,Full,9726216,Marshawn Lynch,RB,4000,OAK@MIA 11/05/2017 08:30PM ET,OAK,,0.0,,
2017,Week9,Full,9726232,Jared Cook,TE,4000,OAK@MIA 11/05/2017 08:30PM ET,OAK,,0.0,,
2017,Week9,Full,9726241,David Fales,QB,4000,OAK@MIA 11/05/2017 08:30PM ET,MIA,,0.0,,
2017,Week9,Full,9726244,Kenyan Drake,RB,4000,OAK@MIA 11/05/2017 08:30PM ET,MIA,,0.0,,
2017,Week9,Full,9726308,Jamaal Williams,RB,4000,DET@GB 11/06/2017 08:30PM ET,GB,,0.0,,
2017,Week9,Full,9725565,Mike Tolbert,RB,3900,BUF@NYJ 11/02/2017 08:25PM ET,BUF,,0.0,,
2017,Week9,Full,9725836,Jordan Matthews,WR,3900,BUF@NYJ 11/02/2017 08:25PM ET,BUF,,0.0,,
2017,Week9,Full,9725526,Frank Gore,RB,3900,IND@HOU 11/05/2017 01:00PM ET,IND,,0.0,,
2017,Week9,Full,9725875,Tyler Kroft,TE,3900,CIN@JAX 11/05/2017 01:00PM ET,CIN,,0.0,,
2017,Week9,Full,9725898,Marqise Lee,WR,3900,CIN@JAX 11/05/2017 01:00PM ET,JAX,,0.0,,
2017,Week9,Full,9725919,Malcolm Brown,RB,3900,LAR@NYG 11/05/2017 01:00PM ET,LAR,,0.0,,
2017,Week9,Full,9726071,Wendell Smallwood,RB,3900,DEN@PHI 11/05/2017 01:00PM ET,PHI,,0.0,,
2017,Week9,Full,9725716,Andre Ellington,RB,3900,ARI@SF 11/05/2017 04:05PM ET,ARI,,0.0,,
2017,Week9,Full,9726212,Jalen Richard,RB,3900,OAK@MIA 11/05/2017 08:30PM ET,OAK,,0.0,,
2017,Week9,Full,9726273,Theo Riddick,RB,3900,DET@GB 11/06/2017 08:30PM ET,DET,,0.0,,
2017,Week9,Full,9726275,Ameer Abdullah,RB,3900,DET@GB 11/06/2017 08:30PM ET,DET,,0.0,,
2017,Week9,Full,9726106,Elijah McGuire,RB,3800,BUF@NYJ 11/02/2017 08:25PM ET,NYJ,,0.0,,
2017,Week9,Full,9725521,Jaguars,DST,3800,CIN@JAX 11/05/2017 01:00PM ET,JAX,,0.0,,
2017,Week9,Full,9725872,Willie Snead,WR,3800,TB@NO 11/05/2017 01:00PM ET,NO,,0.0,,
2017,Week9,Full,9725812,Orleans Darkwa,RB,3800,LAR@NYG 11/05/2017 01:00PM ET,NYG,,0.0,,
2017,Week9,Full,9725763,Marquise Goodwin,WR,3800,ARI@SF 11/05/2017 04:05PM ET,SF,,0.0,,
2017,Week9,Full,9725630,Deonte Thompson,WR,3700,BUF@NYJ 11/02/2017 08:25PM ET,BUF,,0.0,,
2017,Week9,Full,9725650,Jeremy Kerley,WR,3700,BUF@NYJ 11/02/2017 08:25PM ET,NYJ,,0.0,,
2017,Week9,Full,9726108,Austin Hooper,TE,3700,ATL@CAR 11/05/2017 01:00PM ET,ATL,,0.0,,
2017,Week9,Full,9726153,Taylor Gabriel,WR,3700,ATL@CAR 11/05/2017 01:00PM ET,ATL,,0.0,,
2017,Week9,Full,9725792,Alfred Blue,RB,3700,IND@HOU 11/05/2017 01:00PM ET,HOU,,0.0,,
2017,Week9,Full,9725507,Titans,DST,3700,BAL@TEN 11/05/2017 01:00PM ET,TEN,,0.0,,
2017,Week9,Full,9725612,Danny Woodhead,RB,3700,BAL@TEN 11/05/2017 01:00PM ET,BAL,,0.0,,
2017,Week9,Full,9725894,Terrance West,RB,3700,BAL@TEN 11/05/2017 01:00PM ET,BAL,,0.0,,
2017,Week9,Full,9725914,Rob Kelley,RB,3700,WAS@SEA 11/05/2017 04:05PM ET,WAS,,0.0,,
2017,Week9,Full,9726048,C.J. Prosise,RB,3700,WAS@SEA 11/05/2017 04:05PM ET,SEA,,0.0,,
2017,Week9,Full,9726246,Damien Williams,RB,3700,OAK@MIA 11/05/2017 08:30PM ET,MIA,,0.0,,
2017,Week9,Full,9725503,Texans,DST,3600,IND@HOU 11/05/2017 01:00PM ET,HOU,,0.0,,
2017,Week9,Full,9725912,De'Angelo Henderson,RB,3600,DEN@PHI 11/05/2017 01:00PM ET,DEN,,0.0,,
2017,Week9,Full,9725614,Mike Wallace,WR,3600,BAL@TEN 11/05/2017 01:00PM ET,BAL,,0.0,,
2017,Week9,Full,9726169,Samaje Perine,RB,3600,WAS@SEA 11/05/2017 04:05PM ET,WAS,,0.0,,
2017,Week9,Full,9725842,Albert Wilson,WR,3600,KC@DAL 11/05/2017 04:25PM ET,KC,,0.0,,
2017,Week9,Full,9726277,Zach Zenner,RB,3600,DET@GB 11/06/2017 08:30PM ET,DET,,0.0,,
2017,Week9,Full,9726279,Dwayne Washington,RB,3600,DET@GB 11/06/2017 08:30PM ET,DET,,0.0,,
2017,Week9,Full,9725575,Jonathan Stewart,RB,3500,ATL@CAR 11/05/2017 01:00PM ET,CAR,,0.0,,
2017,Week9,Full,9726203,Dede Westbrook,WR,3500,CIN@JAX 11/05/2017 01:00PM ET,JAX,,0.0,,
2017,Week9,Full,9726095,Devontae Booker,RB,3500,DEN@PHI 11/05/2017 01:00PM ET,DEN,,0.0,,
2017,Week9,Full,9725515,Cardinals,DST,3500,ARI@SF 11/05/2017 04:05PM ET,ARI,,0.0,,
2017,Week9,Full,9725517,Seahawks,DST,3500,WAS@SEA 11/05/2017 04:05PM ET,SEA,,0.0,,
2017,Week9,Full,9725746,Ryan Grant,WR,3500,WAS@SEA 11/05/2017 04:05PM ET,WAS,,0.0,,
2017,Week9,Full,9726289,TJ Jones,WR,3500,DET@GB 11/06/2017 08:30PM ET,DET,,0.0,,
2017,Week9,Full,9726320,Geronimo Allison,WR,3500,DET@GB 11/06/2017 08:30PM ET,GB,,0.0,,
2017,Week9,Full,9726126,Zay Jones,WR,3400,BUF@NYJ 11/02/2017 08:25PM ET,BUF,,0.0,,
2017,Week9,Full,9725585,Brandon LaFell,WR,3400,CIN@JAX 11/05/2017 01:00PM ET,CIN,,0.0,,
2017,Week9,Full,9725511,Saints,DST,3400,TB@NO 11/05/2017 01:00PM ET,NO,,0.0,,
2017,Week9,Full,9725771,Charles Sims,RB,3400,TB@NO 11/05/2017 01:00PM ET,TB,,0.0,,
2017,Week9,Full,9725840,Brandon Coleman,WR,3400,TB@NO 11/05/2017 01:00PM ET,NO,,0.0,,
2017,Week9,Full,9726102,Wayne Gallman,RB,3400,LAR@NYG 11/05/2017 01:00PM ET,NYG,,0.0,,
2017,Week9,Full,9726114,Corey Clement,RB,3400,DEN@PHI 11/05/2017 01:00PM ET,PHI,,0.0,,
2017,Week9,Full,9726116,Jonnu Smith,TE,3400,BAL@TEN 11/05/2017 01:00PM ET,TEN,,0.0,,
2017,Week9,Full,9725769,Kerwynn Williams,RB,3400,ARI@SF 11/05/2017 04:05PM ET,ARI,,0.0,,
2017,Week9,Full,9725850,Justin Hardy,WR,3300,ATL@CAR 11/05/2017 01:00PM ET,ATL,,0.0,,
2017,Week9,Full,9725809,Giovani Bernard,RB,3300,CIN@JAX 11/05/2017 01:00PM ET,CIN,,0.0,,
2017,Week9,Full,9725844,Corey Grant,RB,3300,CIN@JAX 11/05/2017 01:00PM ET,JAX,,0.0,,
2017,Week9,Full,9725906,Adam Humphries,WR,3300,TB@NO 11/05/2017 01:00PM ET,TB,,0.0,,
2017,Week9,Full,9726177,Roger Lewis,WR,3300,LAR@NYG 11/05/2017 01:00PM ET,NYG,,0.0,,
2017,Week9,Full,9725514,Eagles,DST,3300,DEN@PHI 11/05/2017 01:00PM ET,PHI,,0.0,,
2017,Week9,Full,9725641,Torrey Smith,WR,3300,DEN@PHI 11/05/2017 01:00PM ET,PHI,,0.0,,
2017,Week9,Full,9725852,J.J. Nelson,WR,3300,ARI@SF 11/05/2017 04:05PM ET,ARI,,0.0,,
2017,Week9,Full,9725933,Thomas Rawls,RB,3300,WAS@SEA 11/05/2017 04:05PM ET,SEA,,0.0,,
2017,Week9,Full,9725702,Terrance Williams,WR,3300,KC@DAL 11/05/2017 04:25PM ET,DAL,,0.0,,
2017,Week9,Full,9726260,Leonte Carroo,WR,3300,OAK@MIA 11/05/2017 08:30PM ET,MIA,,0.0,,
2017,Week9,Full,9726322,Jeff Janis,WR,3300,DET@GB 11/06/2017 08:30PM ET,GB,,0.0,,
2017,Week9,Full,9725513,Jets,DST,3200,BUF@NYJ 11/02/2017 08:25PM ET,NYJ,,0.0,,
2017,Week9,Full,9725595,Andre Roberts,WR,3200,ATL@CAR 11/05/2017 01:00PM ET,ATL,,0.0,,
2017,Week9,Full,9725954,Donte Moncrief,WR,3200,IND@HOU 11/05/2017 01:00PM ET,IND,,0.0,,
2017,Week9,Full,9725662,Shane Vereen,RB,3200,LAR@NYG 11/05/2017 01:00PM ET,NYG,,0.0,,
2017,Week9,Full,9726008,Paul Perkins,RB,3200,LAR@NYG 11/05/2017 01:00PM ET,NYG,,0.0,,
2017,Week9,Full,9726186,Travis Rudolph,WR,3200,LAR@NYG 11/05/2017 01:00PM ET,NYG,,0.0,,
2017,Week9,Full,9725516,49ers,DST,3200,ARI@SF 11/05/2017 04:05PM ET,SF,,0.0,,
2017,Week9,Full,9726098,George Kittle,TE,3200,ARI@SF 11/05/2017 04:05PM ET,SF,,0.0,,
2017,Week9,Full,9725773,Eddie Lacy,RB,3200,WAS@SEA 11/05/2017 04:05PM ET,SEA,,0.0,,
2017,Week9,Full,9725971,J.D. McKissic,RB,3200,WAS@SEA 11/05/2017 04:05PM ET,SEA,,0.0,,
2017,Week9,Full,9725698,Brice Butler,WR,3200,KC@DAL 11/05/2017 04:25PM ET,DAL,,0.0,,
2017,Week9,Full,9725828,Rod Smith,RB,3200,KC@DAL 11/05/2017 04:25PM ET,DAL,,0.0,,
2017,Week9,Full,9726064,Demarcus Robinson,WR,3200,KC@DAL 11/05/2017 04:25PM ET,KC,,0.0,,
2017,Week9,Full,9725502,Bills,DST,3100,BUF@NYJ 11/02/2017 08:25PM ET,BUF,,0.0,,
2017,Week9,Full,9725855,Andre Holmes,WR,3100,BUF@NYJ 11/02/2017 08:25PM ET,BUF,,0.0,,
2017,Week9,Full,9725931,Nick O'Leary,TE,3100,BUF@NYJ 11/02/2017 08:25PM ET,BUF,,0.0,,
2017,Week9,Full,9725573,Ed Dickson,TE,3100,ATL@CAR 11/05/2017 01:00PM ET,CAR,,0.0,,
2017,Week9,Full,9725739,Russell Shepard,WR,3100,ATL@CAR 11/05/2017 01:00PM ET,CAR,,0.0,,
2017,Week9,Full,9726171,Curtis Samuel,WR,3100,ATL@CAR 11/05/2017 01:00PM ET,CAR,,0.0,,
2017,Week9,Full,9725989,Jeremy Hill,RB,3100,CIN@JAX 11/05/2017 01:00PM ET,CIN,,0.0,,
2017,Week9,Full,9725510,Rams,DST,3100,LAR@NYG 11/05/2017 01:00PM ET,LAR,,0.0,,
2017,Week9,Full,9725682,Tavarres King,WR,3100,LAR@NYG 11/05/2017 01:00PM ET,NYG,,0.0,,
2017,Week9,Full,9725789,Tavon Austin,WR,3100,LAR@NYG 11/05/2017 01:00PM ET,LAR,,0.0,,
2017,Week9,Full,9725696,Kenjon Barner,RB,3100,DEN@PHI 11/05/2017 01:00PM ET,PHI,,0.0,,
2017,Week9,Full,9725748,Michael Campanaro,WR,3100,BAL@TEN 11/05/2017 01:00PM ET,BAL,,0.0,,
2017,Week9,Full,9726147,Taywan Taylor,WR,3100,BAL@TEN 11/05/2017 01:00PM ET,TEN,,0.0,,
2017,Week9,Full,9726238,Raiders,DST,3100,OAK@MIA 11/05/2017 08:30PM ET,OAK,,0.0,,
2017,Week9,Full,9726258,Jakeem Grant,WR,3100,OAK@MIA 11/05/2017 08:30PM ET,MIA,,0.0,,
2017,Week9,Full,9725569,Brandon Tate,WR,3000,BUF@NYJ 11/02/2017 08:25PM ET,BUF,,0.0,,
2017,Week9,Full,9725626,Taiwan Jones,RB,3000,BUF@NYJ 11/02/2017 08:25PM ET,BUF,,0.0,,
2017,Week9,Full,9725674,Patrick DiMarco,RB,3000,BUF@NYJ 11/02/2017 08:25PM ET,BUF,,0.0,,
2017,Week9,Full,9725834,Walter Powell,WR,3000,BUF@NYJ 11/02/2017 08:25PM ET,BUF,,0.0,,
2017,Week9,Full,9725941,Lawrence Thomas,RB,3000,BUF@NYJ 11/02/2017 08:25PM ET,NYJ,,0.0,,
2017,Week9,Full,9726081,Jalin Marshall,WR,3000,BUF@NYJ 11/02/2017 08:25PM ET,NYJ,,0.0,,
2017,Week9,Full,9726085,Lucky Whitehead,WR,3000,BUF@NYJ 11/02/2017 08:25PM ET,NYJ,,0.0,,
2017,Week9,Full,9726151,ArDarius Stewart,WR,3000,BUF@NYJ 11/02/2017 08:25PM ET,NYJ,,0.0,,
2017,Week9,Full,9726161,Chad Hansen,WR,3000,BUF@NYJ 11/02/2017 08:25PM ET,NYJ,,0.0,,
2017,Week9,Full,9725618,Fozzy Whittaker,RB,3000,ATL@CAR 11/05/2017 01:00PM ET,CAR,,0.0,,
2017,Week9,Full,9725711,Derrick Coleman,RB,3000,ATL@CAR 11/05/2017 01:00PM ET,ATL,,0.0,,
2017,Week9,Full,9725784,Nick Williams,WR,3000,ATL@CAR 11/05/2017 01:00PM ET,ATL,,0.0,,
2017,Week9,Full,9725846,Kaelin Clay,WR,3000,ATL@CAR 11/05/2017 01:00PM ET,CAR,,0.0,,
2017,Week9,Full,9725870,Terron Ward,RB,3000,ATL@CAR 11/05/2017 01:00PM ET,ATL,,0.0,,
2017,Week9,Full,9725921,Damiere Byrd,WR,3000,ATL@CAR 11/05/2017 01:00PM ET,CAR,,0.0,,
2017,Week9,Full,9725956,Marvin Hall,WR,3000,ATL@CAR 11/05/2017 01:00PM ET,ATL,,0.0,,
2017,Week9,Full,9726062,Cameron Artis-Payne,RB,3000,ATL@CAR 11/05/2017 01:00PM ET,CAR,,0.0,,
2017,Week9,Full,9726205,Alex Armah,RB,3000,ATL@CAR 11/05/2017 01:00PM ET,CAR,,0.0,,
2017,Week9,Full,9725652,Kamar Aiken,WR,3000,IND@HOU 11/05/2017 01:00PM ET,IND,,0.0,,
2017,Week9,Full,9725680,George Winn,RB,3000,IND@HOU 11/05/2017 01:00PM ET,IND,,0.0,,
2017,Week9,Full,9725720,Jordan Todman,RB,3000,IND@HOU 11/05/2017 01:00PM ET,HOU,,0.0,,
2017,Week9,Full,9725722,Ryan Griffin,TE,3000,IND@HOU 11/05/2017 01:00PM ET,HOU,,0.0,,
2017,Week9,Full,9725801,Jay Prosch,RB,3000,IND@HOU 11/05/2017 01:00PM ET,HOU,,0.0,,
2017,Week9,Full,9725826,C.J. Fiedorowicz,TE,3000,IND@HOU 11/05/2017 01:00PM ET,HOU,,0.0,,
2017,Week9,Full,9725882,Quan Bray,WR,3000,IND@HOU 11/05/2017 01:00PM ET,IND,,0.0,,
2017,Week9,Full,9725890,Braxton Miller,WR,3000,IND@HOU 11/05/2017 01:00PM ET,HOU,,0.0,,
2017,Week9,Full,9725923,Bruce Ellington,WR,3000,IND@HOU 11/05/2017 01:00PM ET,HOU,,0.0,,
2017,Week9,Full,9725937,Josh Ferguson,RB,3000,IND@HOU 11/05/2017 01:00PM ET,IND,,0.0,,
2017,Week9,Full,9726028,Matt Jones,RB,3000,IND@HOU 11/05/2017 01:00PM ET,IND,,0.0,,
2017,Week9,Full,9726058,Chester Rogers,WR,3000,IND@HOU 11/05/2017 01:00PM ET,IND,,0.0,,
2017,Week9,Full,9726135,Chris Thompson,WR,3000,IND@HOU 11/05/2017 01:00PM ET,HOU,,0.0,,
2017,Week9,Full,9725620,Arrelious Benn,WR,3000,CIN@JAX 11/05/2017 01:00PM ET,JAX,,0.0,,
2017,Week9,Full,9725743,Tommy Bohanon,RB,3000,CIN@JAX 11/05/2017 01:00PM ET,JAX,,0.0,,
2017,Week9,Full,9725964,Tra Carson,RB,3000,CIN@JAX 11/05/2017 01:00PM ET,CIN,,0.0,,
2017,Week9,Full,9725997,Alex Erickson,WR,3000,CIN@JAX 11/05/2017 01:00PM ET,CIN,,0.0,,
2017,Week9,Full,9726032,Cody Core,WR,3000,CIN@JAX 11/05/2017 01:00PM ET,CIN,,0.0,,
2017,Week9,Full,9726036,Jaydon Mickens,WR,3000,CIN@JAX 11/05/2017 01:00PM ET,JAX,,0.0,,
2017,Week9,Full,9726093,Jaelen Strong,WR,3000,CIN@JAX 11/05/2017 01:00PM ET,JAX,,0.0,,
2017,Week9,Full,9726112,Tyler Boyd,WR,3000,CIN@JAX 11/05/2017 01:00PM ET,CIN,,0.0,,
2017,Week9,Full,9726132,John Ross,WR,3000,CIN@JAX 11/05/2017 01:00PM ET,CIN,,0.0,,
2017,Week9,Full,9726163,Keelan Cole,WR,3000,CIN@JAX 11/05/2017 01:00PM ET,JAX,,0.0,,
2017,Week9,Full,9726165,Josh Malone,WR,3000,CIN@JAX 11/05/2017 01:00PM ET,CIN,,0.0,,
2017,Week9,Full,9725706,Zach Line,RB,3000,TB@NO 11/05/2017 01:00PM ET,NO,,0.0,,
2017,Week9,Full,9725861,Bernard Reedy,WR,3000,TB@NO 11/05/2017 01:00PM ET,TB,,0.0,,
2017,Week9,Full,9725962,Daniel Lasco II,RB,3000,TB@NO 11/05/2017 01:00PM ET,NO,,0.0,,
2017,Week9,Full,9725969,Tommylee Lewis,WR,3000,TB@NO 11/05/2017 01:00PM ET,NO,,0.0,,
2017,Week9,Full,9726017,Trey Edmunds,RB,3000,TB@NO 11/05/2017 01:00PM ET,NO,,0.0,,
2017,Week9,Full,9726020,Austin Carr,WR,3000,TB@NO 11/05/2017 01:00PM ET,NO,,0.0,,
2017,Week9,Full,9726120,Peyton Barber,RB,3000,TB@NO 11/05/2017 01:00PM ET,TB,,0.0,,
2017,Week9,Full,9726190,Chris Godwin,WR,3000,TB@NO 11/05/2017 01:00PM ET,TB,,0.0,,
2017,Week9,Full,9725512,Giants,DST,3000,LAR@NYG 11/05/2017 01:00PM ET,NYG,,0.0,,
2017,Week9,Full,9725729,Lance Dunbar,RB,3000,LAR@NYG 11/05/2017 01:00PM ET,LAR,,0.0,,
2017,Week9,Full,9726050,Ed Eagan,WR,3000,LAR@NYG 11/05/2017 01:00PM ET,NYG,,0.0,,
2017,Week9,Full,9726067,Justin Davis,RB,3000,LAR@NYG 11/05/2017 01:00PM ET,LAR,,0.0,,
2017,Week9,Full,9726124,Pharoh Cooper,WR,3000,LAR@NYG 11/05/2017 01:00PM ET,LAR,,0.0,,
2017,Week9,Full,9726175,Josh Reynolds,WR,3000,LAR@NYG 11/05/2017 01:00PM ET,LAR,,0.0,,
2017,Week9,Full,9726188,Michael Thomas,WR,3000,LAR@NYG 11/05/2017 01:00PM ET,LAR,,0.0,,
2017,Week9,Full,9725816,Jordan Taylor,WR,3000,DEN@PHI 11/05/2017 01:00PM ET,DEN,,0.0,,
2017,Week9,Full,9725977,Cody Latimer,WR,3000,DEN@PHI 11/05/2017 01:00PM ET,DEN,,0.0,,
2017,Week9,Full,9725993,Andy Janovich,RB,3000,DEN@PHI 11/05/2017 01:00PM ET,DEN,,0.0,,
2017,Week9,Full,9726014,Marcus Johnson,WR,3000,DEN@PHI 11/05/2017 01:00PM ET,PHI,,0.0,,
2017,Week9,Full,9726056,Mack Hollins,WR,3000,DEN@PHI 11/05/2017 01:00PM ET,PHI,,0.0,,
2017,Week9,Full,9726110,Shelton Gibson,WR,3000,DEN@PHI 11/05/2017 01:00PM ET,PHI,,0.0,,
2017,Week9,Full,9726179,Isaiah McKenzie,WR,3000,DEN@PHI 11/05/2017 01:00PM ET,DEN,,0.0,,
2017,Week9,Full,9725549,Eric Weems,WR,3000,BAL@TEN 11/05/2017 01:00PM ET,TEN,,0.0,,
2017,Week9,Full,9725670,Bobby Rainey,RB,3000,BAL@TEN 11/05/2017 01:00PM ET,BAL,,0.0,,
2017,Week9,Full,9725709,Griff Whalen,WR,3000,BAL@TEN 11/05/2017 01:00PM ET,BAL,,0.0,,
2017,Week9,Full,9725787,Chris Matthews,WR,3000,BAL@TEN 11/05/2017 01:00PM ET,BAL,,0.0,,
2017,Week9,Full,9725803,Jalston Fowler,RB,3000,BAL@TEN 11/05/2017 01:00PM ET,TEN,,0.0,,
2017,Week9,Full,9725859,David Fluellen,RB,3000,BAL@TEN 11/05/2017 01:00PM ET,TEN,,0.0,,
2017,Week9,Full,9725935,Darius Jennings,WR,3000,BAL@TEN 11/05/2017 01:00PM ET,TEN,,0.0,,
2017,Week9,Full,9725949,Chris Moore,WR,3000,BAL@TEN 11/05/2017 01:00PM ET,BAL,,0.0,,
2017,Week9,Full,9726001,Breshad Perriman,WR,3000,BAL@TEN 11/05/2017 01:00PM ET,BAL,,0.0,,
2017,Week9,Full,9725750,Kyle Juszczyk,RB,3000,ARI@SF 11/05/2017 04:05PM ET,SF,,0.0,,
2017,Week9,Full,9725947,Raheem Mostert,RB,3000,ARI@SF 11/05/2017 04:05PM ET,SF,,0.0,,
2017,Week9,Full,9725951,Elijhaa Penny,RB,3000,ARI@SF 11/05/2017 04:05PM ET,ARI,,0.0,,
2017,Week9,Full,9725984,Brittan Golden,WR,3000,ARI@SF 11/05/2017 04:05PM ET,ARI,,0.0,,
2017,Week9,Full,9725999,D.J. Foster,RB,3000,ARI@SF 11/05/2017 04:05PM ET,ARI,,0.0,,
2017,Week9,Full,9726073,T.J. Logan,RB,3000,ARI@SF 11/05/2017 04:05PM ET,ARI,,0.0,,
2017,Week9,Full,9726104,Trent Taylor,WR,3000,ARI@SF 11/05/2017 04:05PM ET,SF,,0.0,,
2017,Week9,Full,9726141,Victor Bolden Jr.,WR,3000,ARI@SF 11/05/2017 04:05PM ET,SF,,0.0,,
2017,Week9,Full,9726157,Kendrick Bourne,WR,3000,ARI@SF 11/05/2017 04:05PM ET,SF,,0.0,,
2017,Week9,Full,9726159,Chad Williams,WR,3000,ARI@SF 11/05/2017 04:05PM ET,ARI,,0.0,,
2017,Week9,Full,9725628,Brian Quick,WR,3000,WAS@SEA 11/05/2017 04:05PM ET,WAS,,0.0,,
2017,Week9,Full,9725900,Tre Madden,RB,3000,WAS@SEA 11/05/2017 04:05PM ET,SEA,,0.0,,
2017,Week9,Full,9725925,Tanner McEvoy,WR,3000,WAS@SEA 11/05/2017 04:05PM ET,SEA,,0.0,,
2017,Week9,Full,9726042,Amara Darboh,WR,3000,WAS@SEA 11/05/2017 04:05PM ET,SEA,,0.0,,
2017,Week9,Full,9725657,Anthony Sherman,RB,3000,KC@DAL 11/05/2017 04:25PM ET,KC,,0.0,,
2017,Week9,Full,9725857,Keith Smith,RB,3000,KC@DAL 11/05/2017 04:25PM ET,DAL,,0.0,,
2017,Week9,Full,9725945,Akeem Hunt,RB,3000,KC@DAL 11/05/2017 04:25PM ET,KC,,0.0,,
2017,Week9,Full,9725967,De'Anthony Thomas,WR,3000,KC@DAL 11/05/2017 04:25PM ET,KC,,0.0,,
2017,Week9,Full,9726040,Jehu Chesson,WR,3000,KC@DAL 11/05/2017 04:25PM ET,KC,,0.0,,
2017,Week9,Full,9726075,Ryan Switzer,WR,3000,KC@DAL 11/05/2017 04:25PM ET,DAL,,0.0,,
2017,Week9,Full,9726194,Noah Brown,WR,3000,KC@DAL 11/05/2017 04:25PM ET,DAL,,0.0,,
2017,Week9,Full,9726218,Jamize Olawale,RB,3000,OAK@MIA 11/05/2017 08:30PM ET,OAK,,0.0,,
2017,Week9,Full,9726220,Elijah Hood,RB,3000,OAK@MIA 11/05/2017 08:30PM ET,OAK,,0.0,,
2017,Week9,Full,9726226,Seth Roberts,WR,3000,OAK@MIA 11/05/2017 08:30PM ET,OAK,,0.0,,
2017,Week9,Full,9726228,Cordarrelle Patterson,WR,3000,OAK@MIA 11/05/2017 08:30PM ET,OAK,,0.0,,
2017,Week9,Full,9726230,Johnny Holton,WR,3000,OAK@MIA 11/05/2017 08:30PM ET,OAK,,0.0,,
2017,Week9,Full,9726248,Senorise Perry,RB,3000,OAK@MIA 11/05/2017 08:30PM ET,MIA,,0.0,,
2017,Week9,Full,9726256,Rashawn Scott,WR,3000,OAK@MIA 11/05/2017 08:30PM ET,MIA,,0.0,,
2017,Week9,Full,9726262,Isaiah Ford,WR,3000,OAK@MIA 11/05/2017 08:30PM ET,MIA,,0.0,,
2017,Week9,Full,9726281,Tion Green,RB,3000,DET@GB 11/06/2017 08:30PM ET,DET,,0.0,,
2017,Week9,Full,9726291,Jared Abbrederis,WR,3000,DET@GB 11/06/2017 08:30PM ET,DET,,0.0,,
2017,Week9,Full,9726293,Jace Billingsley,WR,3000,DET@GB 11/06/2017 08:30PM ET,DET,,0.0,,
2017,Week9,Full,9726301,Lions,DST,3000,DET@GB 11/06/2017 08:30PM ET,DET,,0.0,,
2017,Week9,Full,9726310,Devante Mays,RB,3000,DET@GB 11/06/2017 08:30PM ET,GB,,0.0,,
2017,Week9,Full,9726312,Aaron Ripkowski,RB,3000,DET@GB 11/06/2017 08:30PM ET,GB,,0.0,,
2017,Week9,Full,9726324,Trevor Davis,WR,3000,DET@GB 11/06/2017 08:30PM ET,GB,,0.0,,
2017,Week9,Full,9726326,Martellus Bennett,TE,3000,DET@GB 11/06/2017 08:30PM ET,GB,,0.0,,
2017,Week9,Full,9725805,A.J. Derby,TE,2900,DEN@PHI 11/05/2017 01:00PM ET,DEN,,0.0,,
2017,Week9,Full,9725522,Ravens,DST,2900,BAL@TEN 11/05/2017 01:00PM ET,BAL,,0.0,,
2017,Week9,Full,9726295,Eric Ebron,TE,2900,DET@GB 11/06/2017 08:30PM ET,DET,,0.0,,
2017,Week9,Full,9725960,Stephen Anderson,TE,2800,IND@HOU 11/05/2017 01:00PM ET,HOU,,0.0,,
2017,Week9,Full,9725504,Bengals,DST,2800,CIN@JAX 11/05/2017 01:00PM ET,CIN,,0.0,,
2017,Week9,Full,9725916,Tyler Higbee,TE,2800,LAR@NYG 11/05/2017 01:00PM ET,LAR,,0.0,,
2017,Week9,Full,9726332,Packers,DST,2800,DET@GB 11/06/2017 08:30PM ET,GB,,0.0,,
2017,Week9,Full,9725520,Panthers,DST,2700,ATL@CAR 11/05/2017 01:00PM ET,CAR,,0.0,,
2017,Week9,Full,9725646,Coby Fleener,TE,2700,TB@NO 11/05/2017 01:00PM ET,NO,,0.0,,
2017,Week9,Full,9726091,O.J. Howard,TE,2700,TB@NO 11/05/2017 01:00PM ET,TB,,0.0,,
2017,Week9,Full,9725554,Benjamin Watson,TE,2700,BAL@TEN 11/05/2017 01:00PM ET,BAL,,0.0,,
2017,Week9,Full,9725765,Logan Thomas,TE,2600,BUF@NYJ 11/02/2017 08:25PM ET,BUF,,0.0,,
2017,Week9,Full,9725501,Falcons,DST,2600,ATL@CAR 11/05/2017 01:00PM ET,ATL,,0.0,,
2017,Week9,Full,9725533,Marcedes Lewis,TE,2600,CIN@JAX 11/05/2017 01:00PM ET,JAX,,0.0,,
2017,Week9,Full,9726196,Gerald Everett,TE,2600,LAR@NYG 11/05/2017 01:00PM ET,LAR,,0.0,,
2017,Week9,Full,9725506,Broncos,DST,2600,DEN@PHI 11/05/2017 01:00PM ET,DEN,,0.0,,
2017,Week9,Full,9725672,Niles Paul,TE,2600,WAS@SEA 11/05/2017 04:05PM ET,WAS,,0.0,,
2017,Week9,Full,9726264,Julius Thomas,TE,2600,OAK@MIA 11/05/2017 08:30PM ET,MIA,,0.0,,
2017,Week9,Full,9725830,Eric Tomlinson,TE,2500,BUF@NYJ 11/02/2017 08:25PM ET,NYJ,,0.0,,
2017,Week9,Full,9725832,Neal Sterling,TE,2500,BUF@NYJ 11/02/2017 08:25PM ET,NYJ,,0.0,,
2017,Week9,Full,9726100,Jordan Leggett,TE,2500,BUF@NYJ 11/02/2017 08:25PM ET,NYJ,,0.0,,
2017,Week9,Full,9726201,Khari Lee,TE,2500,BUF@NYJ 11/02/2017 08:25PM ET,BUF,,0.0,,
2017,Week9,Full,9725757,Levine Toilolo,TE,2500,ATL@CAR 11/05/2017 01:00PM ET,ATL,,0.0,,
2017,Week9,Full,9725868,Chris Manhertz,TE,2500,ATL@CAR 11/05/2017 01:00PM ET,CAR,,0.0,,
2017,Week9,Full,9726034,Eric Saubert,TE,2500,ATL@CAR 11/05/2017 01:00PM ET,ATL,,0.0,,
2017,Week9,Full,9725794,Brandon Williams,TE,2500,IND@HOU 11/05/2017 01:00PM ET,IND,,0.0,,
2017,Week9,Full,9725814,Erik Swoope,TE,2500,IND@HOU 11/05/2017 01:00PM ET,IND,,0.0,,
2017,Week9,Full,9726130,Darrell Daniels,TE,2500,IND@HOU 11/05/2017 01:00PM ET,IND,,0.0,,
2017,Week9,Full,9725539,Clark Harris,TE,2500,CIN@JAX 11/05/2017 01:00PM ET,CIN,,0.0,,
2017,Week9,Full,9725754,Ryan Hewitt,TE,2500,CIN@JAX 11/05/2017 01:00PM ET,CIN,,0.0,,
2017,Week9,Full,9725818,James O'Shaughnessy,TE,2500,CIN@JAX 11/05/2017 01:00PM ET,JAX,,0.0,,
2017,Week9,Full,9725884,C.J. Uzomah,TE,2500,CIN@JAX 11/05/2017 01:00PM ET,CIN,,0.0,,
2017,Week9,Full,9725979,Ben Koyack,TE,2500,CIN@JAX 11/05/2017 01:00PM ET,JAX,,0.0,,
2017,Week9,Full,9726079,Cethan Carter,TE,2500,CIN@JAX 11/05/2017 01:00PM ET,CIN,,0.0,,
2017,Week9,Full,9725602,Michael Hoomanawanui,TE,2500,TB@NO 11/05/2017 01:00PM ET,NO,,0.0,,
2017,Week9,Full,9725606,Luke Stocker,TE,2500,TB@NO 11/05/2017 01:00PM ET,TB,,0.0,,
2017,Week9,Full,9725731,Josh Hill,TE,2500,TB@NO 11/05/2017 01:00PM ET,NO,,0.0,,
2017,Week9,Full,9726207,Antony Auclair,TE,2500,TB@NO 11/05/2017 01:00PM ET,TB,,0.0,,
2017,Week9,Full,9725637,Rhett Ellison,TE,2500,LAR@NYG 11/05/2017 01:00PM ET,NYG,,0.0,,
2017,Week9,Full,9725939,Matt LaCosse,TE,2500,LAR@NYG 11/05/2017 01:00PM ET,NYG,,0.0,,
2017,Week9,Full,9726006,Derek Carrier,TE,2500,LAR@NYG 11/05/2017 01:00PM ET,LAR,,0.0,,
2017,Week9,Full,9726025,Jerell Adams,TE,2500,LAR@NYG 11/05/2017 01:00PM ET,NYG,,0.0,,
2017,Week9,Full,9725545,Brent Celek,TE,2500,DEN@PHI 11/05/2017 01:00PM ET,PHI,,0.0,,
2017,Week9,Full,9725589,Virgil Green,TE,2500,DEN@PHI 11/05/2017 01:00PM ET,DEN,,0.0,,
2017,Week9,Full,9725798,Trey Burton,TE,2500,DEN@PHI 11/05/2017 01:00PM ET,PHI,,0.0,,
2017,Week9,Full,9725888,Jeff Heuerman,TE,2500,DEN@PHI 11/05/2017 01:00PM ET,DEN,,0.0,,
2017,Week9,Full,9726077,Jake Butt,TE,2500,DEN@PHI 11/05/2017 01:00PM ET,DEN,,0.0,,
2017,Week9,Full,9725714,Beau Brinkley,TE,2500,BAL@TEN 11/05/2017 01:00PM ET,TEN,,0.0,,
2017,Week9,Full,9725767,Gavin Escobar,TE,2500,BAL@TEN 11/05/2017 01:00PM ET,BAL,,0.0,,
2017,Week9,Full,9725975,Nick Boyle,TE,2500,BAL@TEN 11/05/2017 01:00PM ET,BAL,,0.0,,
2017,Week9,Full,9725986,Phillip Supernaw,TE,2500,BAL@TEN 11/05/2017 01:00PM ET,TEN,,0.0,,
2017,Week9,Full,9725995,Maxx Williams,TE,2500,BAL@TEN 11/05/2017 01:00PM ET,BAL,,0.0,,
2017,Week9,Full,9726139,Vince Mayle,TE,2500,BAL@TEN 11/05/2017 01:00PM ET,BAL,,0.0,,
2017,Week9,Full,9725593,Kyle Nelson,TE,2500,ARI@SF 11/05/2017 04:05PM ET,SF,,0.0,,
2017,Week9,Full,9725600,Jermaine Gresham,TE,2500,ARI@SF 11/05/2017 04:05PM ET,ARI,,0.0,,
2017,Week9,Full,9725639,Ifeanyi Momah,TE,2500,ARI@SF 11/05/2017 04:05PM ET,ARI,,0.0,,
2017,Week9,Full,9725666,Garrett Celek,TE,2500,ARI@SF 11/05/2017 04:05PM ET,SF,,0.0,,
2017,Week9,Full,9725981,Troy Niklas,TE,2500,ARI@SF 11/05/2017 04:05PM ET,ARI,,0.0,,
2017,Week9,Full,9726052,Cole Hikutini,TE,2500,ARI@SF 11/05/2017 04:05PM ET,SF,,0.0,,
2017,Week9,Full,9726122,Ricky Seals-Jones,TE,2500,ARI@SF 11/05/2017 04:05PM ET,ARI,,0.0,,
2017,Week9,Full,9725724,Luke Willson,TE,2500,WAS@SEA 11/05/2017 04:05PM ET,SEA,,0.0,,
2017,Week9,Full,9725824,Tyler Ott,TE,2500,WAS@SEA 11/05/2017 04:05PM ET,SEA,,0.0,,
2017,Week9,Full,9725943,Nick Vannett,TE,2500,WAS@SEA 11/05/2017 04:05PM ET,SEA,,0.0,,
2017,Week9,Full,9726023,Jeremy Sprinkle,TE,2500,WAS@SEA 11/05/2017 04:05PM ET,WAS,,0.0,,
2017,Week9,Full,9725509,Chiefs,DST,2500,KC@DAL 11/05/2017 04:25PM ET,KC,,0.0,,
2017,Week9,Full,9725676,James Hanna,TE,2500,KC@DAL 11/05/2017 04:25PM ET,DAL,,0.0,,
2017,Week9,Full,9725733,James Winchester,TE,2500,KC@DAL 11/05/2017 04:25PM ET,KC,,0.0,,
2017,Week9,Full,9725904,Ross Travis,TE,2500,KC@DAL 11/05/2017 04:25PM ET,KC,,0.0,,
2017,Week9,Full,9725910,Demetrius Harris,TE,2500,KC@DAL 11/05/2017 04:25PM ET,KC,,0.0,,
2017,Week9,Full,9726046,Rico Gathers,TE,2500,KC@DAL 11/05/2017 04:25PM ET,DAL,,0.0,,
2017,Week9,Full,9726060,Blake Jarwin,TE,2500,KC@DAL 11/05/2017 04:25PM ET,DAL,,0.0,,
2017,Week9,Full,9726069,Geoff Swaim,TE,2500,KC@DAL 11/05/2017 04:25PM ET,DAL,,0.0,,
2017,Week9,Full,9726234,Lee Smith,TE,2500,OAK@MIA 11/05/2017 08:30PM ET,OAK,,0.0,,
2017,Week9,Full,9726236,Clive Walford,TE,2500,OAK@MIA 11/05/2017 08:30PM ET,OAK,,0.0,,
2017,Week9,Full,9726266,Anthony Fasano,TE,2500,OAK@MIA 11/05/2017 08:30PM ET,MIA,,0.0,,
2017,Week9,Full,9726268,MarQueis Gray,TE,2500,OAK@MIA 11/05/2017 08:30PM ET,MIA,,0.0,,
2017,Week9,Full,9726270,Dolphins,DST,2500,OAK@MIA 11/05/2017 08:30PM ET,MIA,,0.0,,
2017,Week9,Full,9726297,Darren Fells,TE,2500,DET@GB 11/06/2017 08:30PM ET,DET,,0.0,,
2017,Week9,Full,9726299,Michael Roberts,TE,2500,DET@GB 11/06/2017 08:30PM ET,DET,,0.0,,
2017,Week9,Full,9726328,Lance Kendricks,TE,2500,DET@GB 11/06/2017 08:30PM ET,GB,,0.0,,
2017,Week9,Full,9726330,Richard Rodgers,TE,2500,DET@GB 11/06/2017 08:30PM ET,GB,,0.0,,
2017,Week9,Full,9725519,Redskins,DST,2400,WAS@SEA 11/05/2017 04:05PM ET,WAS,,0.0,,
2017,Week9,Full,9725505,Cowboys,DST,2300,KC@DAL 11/05/2017 04:25PM ET,DAL,,0.0,,
2017,Week9,Full,9725518,Buccaneers,DST,2100,TB@NO 11/05/2017 01:00PM ET,TB,,0.0,,
2017,Week9,Full,9725508,Colts,DST,2000,IND@HOU 11/05/2017 01:00PM ET,IND,,0.0,,
